{"last_tab":"","theme_preloader":"0","to_top":"0","theme_rtl":"0","image_favicon":{"url":"http:\/\/z.commonsupport.com\/xoven\/wp-content\/uploads\/2023\/01\/favicon-32x32-1.png","id":"1305","height":"32","width":"32","thumbnail":"http:\/\/z.commonsupport.com\/xoven\/wp-content\/uploads\/2023\/01\/favicon-32x32-1.png"},"normal_logo_show":"1","image_normal_logo":{"url":"http:\/\/z.commonsupport.com\/xoven\/wp-content\/uploads\/2021\/07\/logo.png","id":"116","height":"50","width":"121","thumbnail":"http:\/\/z.commonsupport.com\/xoven\/wp-content\/uploads\/2021\/07\/logo.png"},"normal_logo_dimension":{"width":"","height":"","units":"px"},"normal_logo_show2":"1","image_normal_logo2":{"url":"http:\/\/z.commonsupport.com\/xoven\/wp-content\/uploads\/2021\/07\/sticky-logo.png","id":"118","height":"50","width":"121","thumbnail":"http:\/\/z.commonsupport.com\/xoven\/wp-content\/uploads\/2021\/07\/sticky-logo.png"},"normal_logo_dimension2":{"width":"","height":"","units":"px"},"normal_logo_show3":"1","image_normal_logo3":{"url":"http:\/\/z.commonsupport.com\/xoven\/wp-content\/uploads\/2021\/07\/footer-logo.png","id":"291","height":"50","width":"121","thumbnail":"http:\/\/z.commonsupport.com\/xoven\/wp-content\/uploads\/2021\/07\/footer-logo.png"},"header_source_type":"d","header_elementor_template":"","header_style_settings":"header_v3","top_header_show_v1":"1","header_social_v1":[{"data":"%7B%22icon%22%3A%22fa-adn%22%2C%22enable%22%3A%22%22%2C%22url%22%3A%22%22%2C%22background%22%3A%22%22%2C%22color%22%3A%22%22%7D"},{"data":"%7B%22icon%22%3A%22fa-android%22%2C%22enable%22%3A%22%22%2C%22url%22%3A%22%22%2C%22background%22%3A%22%22%2C%22color%22%3A%22%22%7D"},{"data":"%7B%22icon%22%3A%22fa-apple%22%2C%22enable%22%3A%22%22%2C%22url%22%3A%22%22%2C%22background%22%3A%22%22%2C%22color%22%3A%22%22%7D"},{"data":"%7B%22icon%22%3A%22fa-behance%22%2C%22enable%22%3A%22%22%2C%22url%22%3A%22%22%2C%22background%22%3A%22%22%2C%22color%22%3A%22%22%7D"},{"data":"%7B%22icon%22%3A%22fa-behance-square%22%2C%22enable%22%3A%22%22%2C%22url%22%3A%22%22%2C%22background%22%3A%22%22%2C%22color%22%3A%22%22%7D"},{"data":"%7B%22icon%22%3A%22fa-bitbucket%22%2C%22enable%22%3A%22%22%2C%22url%22%3A%22%22%2C%22background%22%3A%22%22%2C%22color%22%3A%22%22%7D"},{"data":"%7B%22icon%22%3A%22fa-btc%22%2C%22enable%22%3A%22%22%2C%22url%22%3A%22%22%2C%22background%22%3A%22%22%2C%22color%22%3A%22%22%7D"},{"data":"%7B%22icon%22%3A%22fa-css3%22%2C%22enable%22%3A%22%22%2C%22url%22%3A%22%22%2C%22background%22%3A%22%22%2C%22color%22%3A%22%22%7D"},{"data":"%7B%22icon%22%3A%22fa-delicious%22%2C%22enable%22%3A%22%22%2C%22url%22%3A%22%22%2C%22background%22%3A%22%22%2C%22color%22%3A%22%22%7D"},{"data":"%7B%22icon%22%3A%22fa-deviantart%22%2C%22enable%22%3A%22%22%2C%22url%22%3A%22%22%2C%22background%22%3A%22%22%2C%22color%22%3A%22%22%7D"},{"data":"%7B%22icon%22%3A%22fa-dribbble%22%2C%22enable%22%3A%22%22%2C%22url%22%3A%22%22%2C%22background%22%3A%22%22%2C%22color%22%3A%22%22%7D"},{"data":"%7B%22icon%22%3A%22fa-dropbox%22%2C%22enable%22%3A%22%22%2C%22url%22%3A%22%22%2C%22background%22%3A%22%22%2C%22color%22%3A%22%22%7D"},{"data":"%7B%22icon%22%3A%22fa-drupal%22%2C%22enable%22%3A%22%22%2C%22url%22%3A%22%22%2C%22background%22%3A%22%22%2C%22color%22%3A%22%22%7D"},{"data":"%7B%22icon%22%3A%22fa-empire%22%2C%22enable%22%3A%22%22%2C%22url%22%3A%22%22%2C%22background%22%3A%22%22%2C%22color%22%3A%22%22%7D"},{"data":"%7B%22icon%22%3A%22fa-facebook%22%2C%22enable%22%3A%22true%22%2C%22url%22%3A%22%22%2C%22background%22%3A%22%22%2C%22color%22%3A%22%22%7D"},{"data":"%7B%22icon%22%3A%22fa-foursquare%22%2C%22enable%22%3A%22%22%2C%22url%22%3A%22%22%2C%22background%22%3A%22%22%2C%22color%22%3A%22%22%7D"},{"data":"%7B%22icon%22%3A%22fa-git-square%22%2C%22enable%22%3A%22%22%2C%22url%22%3A%22%22%2C%22background%22%3A%22%22%2C%22color%22%3A%22%22%7D"},{"data":"%7B%22icon%22%3A%22fa-github%22%2C%22enable%22%3A%22%22%2C%22url%22%3A%22%22%2C%22background%22%3A%22%22%2C%22color%22%3A%22%22%7D"},{"data":"%7B%22icon%22%3A%22fa-github%22%2C%22enable%22%3A%22%22%2C%22url%22%3A%22%22%2C%22background%22%3A%22%22%2C%22color%22%3A%22%22%7D"},{"data":"%7B%22icon%22%3A%22fa-github-square%22%2C%22enable%22%3A%22%22%2C%22url%22%3A%22%22%2C%22background%22%3A%22%22%2C%22color%22%3A%22%22%7D"},{"data":"%7B%22icon%22%3A%22fa-gittip%22%2C%22enable%22%3A%22%22%2C%22url%22%3A%22%22%2C%22background%22%3A%22%22%2C%22color%22%3A%22%22%7D"},{"data":"%7B%22icon%22%3A%22fa-google%22%2C%22enable%22%3A%22%22%2C%22url%22%3A%22%22%2C%22background%22%3A%22%22%2C%22color%22%3A%22%22%7D"},{"data":"%7B%22icon%22%3A%22fa-google-plus%22%2C%22enable%22%3A%22%22%2C%22url%22%3A%22%22%2C%22background%22%3A%22%22%2C%22color%22%3A%22%22%7D"},{"data":"%7B%22icon%22%3A%22fa-google-plus-square%22%2C%22enable%22%3A%22%22%2C%22url%22%3A%22%22%2C%22background%22%3A%22%22%2C%22color%22%3A%22%22%7D"},{"data":"%7B%22icon%22%3A%22fa-hacker-news%22%2C%22enable%22%3A%22%22%2C%22url%22%3A%22%22%2C%22background%22%3A%22%22%2C%22color%22%3A%22%22%7D"},{"data":"%7B%22icon%22%3A%22fa-html5%22%2C%22enable%22%3A%22%22%2C%22url%22%3A%22%22%2C%22background%22%3A%22%22%2C%22color%22%3A%22%22%7D"},{"data":"%7B%22icon%22%3A%22fa-instagram%22%2C%22enable%22%3A%22%22%2C%22url%22%3A%22%22%2C%22background%22%3A%22%22%2C%22color%22%3A%22%22%7D"},{"data":"%7B%22icon%22%3A%22fa-joomla%22%2C%22enable%22%3A%22%22%2C%22url%22%3A%22%22%2C%22background%22%3A%22%22%2C%22color%22%3A%22%22%7D"},{"data":"%7B%22icon%22%3A%22fa-jsfiddle%22%2C%22enable%22%3A%22%22%2C%22url%22%3A%22%22%2C%22background%22%3A%22%22%2C%22color%22%3A%22%22%7D"},{"data":"%7B%22icon%22%3A%22fa-linkedin%22%2C%22enable%22%3A%22true%22%2C%22url%22%3A%22%22%2C%22background%22%3A%22%22%2C%22color%22%3A%22%22%7D"},{"data":"%7B%22icon%22%3A%22fa-linkedin-square%22%2C%22enable%22%3A%22%22%2C%22url%22%3A%22%22%2C%22background%22%3A%22%22%2C%22color%22%3A%22%22%7D"},{"data":"%7B%22icon%22%3A%22fa-linux%22%2C%22enable%22%3A%22%22%2C%22url%22%3A%22%22%2C%22background%22%3A%22%22%2C%22color%22%3A%22%22%7D"},{"data":"%7B%22icon%22%3A%22fa-maxcdn%22%2C%22enable%22%3A%22%22%2C%22url%22%3A%22%22%2C%22background%22%3A%22%22%2C%22color%22%3A%22%22%7D"},{"data":"%7B%22icon%22%3A%22fa-openid%22%2C%22enable%22%3A%22%22%2C%22url%22%3A%22%22%2C%22background%22%3A%22%22%2C%22color%22%3A%22%22%7D"},{"data":"%7B%22icon%22%3A%22fa-pagelines%22%2C%22enable%22%3A%22%22%2C%22url%22%3A%22%22%2C%22background%22%3A%22%22%2C%22color%22%3A%22%22%7D"},{"data":"%7B%22icon%22%3A%22fa-pied-piper%22%2C%22enable%22%3A%22%22%2C%22url%22%3A%22%22%2C%22background%22%3A%22%22%2C%22color%22%3A%22%22%7D"},{"data":"%7B%22icon%22%3A%22fa-pinterest%22%2C%22enable%22%3A%22true%22%2C%22url%22%3A%22%22%2C%22background%22%3A%22%22%2C%22color%22%3A%22%22%7D"},{"data":"%7B%22icon%22%3A%22fa-pinterest-square%22%2C%22enable%22%3A%22%22%2C%22url%22%3A%22%22%2C%22background%22%3A%22%22%2C%22color%22%3A%22%22%7D"},{"data":"%7B%22icon%22%3A%22fa-qq%22%2C%22enable%22%3A%22%22%2C%22url%22%3A%22%22%2C%22background%22%3A%22%22%2C%22color%22%3A%22%22%7D"},{"data":"%7B%22icon%22%3A%22fa-rebel%22%2C%22enable%22%3A%22%22%2C%22url%22%3A%22%22%2C%22background%22%3A%22%22%2C%22color%22%3A%22%22%7D"},{"data":"%7B%22icon%22%3A%22fa-reddit%22%2C%22enable%22%3A%22%22%2C%22url%22%3A%22%22%2C%22background%22%3A%22%22%2C%22color%22%3A%22%22%7D"},{"data":"%7B%22icon%22%3A%22fa-reddit-square%22%2C%22enable%22%3A%22%22%2C%22url%22%3A%22%22%2C%22background%22%3A%22%22%2C%22color%22%3A%22%22%7D"},{"data":"%7B%22icon%22%3A%22fa-renren%22%2C%22enable%22%3A%22%22%2C%22url%22%3A%22%22%2C%22background%22%3A%22%22%2C%22color%22%3A%22%22%7D"},{"data":"%7B%22icon%22%3A%22fa-share-alt%22%2C%22enable%22%3A%22%22%2C%22url%22%3A%22%22%2C%22background%22%3A%22%22%2C%22color%22%3A%22%22%7D"},{"data":"%7B%22icon%22%3A%22fa-share-alt-square%22%2C%22enable%22%3A%22%22%2C%22url%22%3A%22%22%2C%22background%22%3A%22%22%2C%22color%22%3A%22%22%7D"},{"data":"%7B%22icon%22%3A%22fa-skype%22%2C%22enable%22%3A%22%22%2C%22url%22%3A%22%22%2C%22background%22%3A%22%22%2C%22color%22%3A%22%22%7D"},{"data":"%7B%22icon%22%3A%22fa-slack%22%2C%22enable%22%3A%22%22%2C%22url%22%3A%22%22%2C%22background%22%3A%22%22%2C%22color%22%3A%22%22%7D"},{"data":"%7B%22icon%22%3A%22fa-soundcloud%22%2C%22enable%22%3A%22%22%2C%22url%22%3A%22%22%2C%22background%22%3A%22%22%2C%22color%22%3A%22%22%7D"},{"data":"%7B%22icon%22%3A%22fa-spotify%22%2C%22enable%22%3A%22%22%2C%22url%22%3A%22%22%2C%22background%22%3A%22%22%2C%22color%22%3A%22%22%7D"},{"data":"%7B%22icon%22%3A%22fa-stack-exchange%22%2C%22enable%22%3A%22%22%2C%22url%22%3A%22%22%2C%22background%22%3A%22%22%2C%22color%22%3A%22%22%7D"},{"data":"%7B%22icon%22%3A%22fa-stack-overflow%22%2C%22enable%22%3A%22%22%2C%22url%22%3A%22%22%2C%22background%22%3A%22%22%2C%22color%22%3A%22%22%7D"},{"data":"%7B%22icon%22%3A%22fa-steam%22%2C%22enable%22%3A%22%22%2C%22url%22%3A%22%22%2C%22background%22%3A%22%22%2C%22color%22%3A%22%22%7D"},{"data":"%7B%22icon%22%3A%22fa-steam-square%22%2C%22enable%22%3A%22%22%2C%22url%22%3A%22%22%2C%22background%22%3A%22%22%2C%22color%22%3A%22%22%7D"},{"data":"%7B%22icon%22%3A%22fa-stumbleupon%22%2C%22enable%22%3A%22%22%2C%22url%22%3A%22%22%2C%22background%22%3A%22%22%2C%22color%22%3A%22%22%7D"},{"data":"%7B%22icon%22%3A%22fa-stumbleupon-circle%22%2C%22enable%22%3A%22%22%2C%22url%22%3A%22%22%2C%22background%22%3A%22%22%2C%22color%22%3A%22%22%7D"},{"data":"%7B%22icon%22%3A%22fa-tencent-weibo%22%2C%22enable%22%3A%22%22%2C%22url%22%3A%22%22%2C%22background%22%3A%22%22%2C%22color%22%3A%22%22%7D"},{"data":"%7B%22icon%22%3A%22fa-trello%22%2C%22enable%22%3A%22%22%2C%22url%22%3A%22%22%2C%22background%22%3A%22%22%2C%22color%22%3A%22%22%7D"},{"data":"%7B%22icon%22%3A%22fa-tumblr%22%2C%22enable%22%3A%22%22%2C%22url%22%3A%22%22%2C%22background%22%3A%22%22%2C%22color%22%3A%22%22%7D"},{"data":"%7B%22icon%22%3A%22fa-tumblr-square%22%2C%22enable%22%3A%22%22%2C%22url%22%3A%22%22%2C%22background%22%3A%22%22%2C%22color%22%3A%22%22%7D"},{"data":"%7B%22icon%22%3A%22fa-twitter%22%2C%22enable%22%3A%22true%22%2C%22url%22%3A%22%22%2C%22background%22%3A%22%22%2C%22color%22%3A%22%22%7D"},{"data":"%7B%22icon%22%3A%22fa-twitter-square%22%2C%22enable%22%3A%22%22%2C%22url%22%3A%22%22%2C%22background%22%3A%22%22%2C%22color%22%3A%22%22%7D"},{"data":"%7B%22icon%22%3A%22fa-vimeo-square%22%2C%22enable%22%3A%22%22%2C%22url%22%3A%22%22%2C%22background%22%3A%22%22%2C%22color%22%3A%22%22%7D"},{"data":"%7B%22icon%22%3A%22fa-vine%22%2C%22enable%22%3A%22%22%2C%22url%22%3A%22%22%2C%22background%22%3A%22%22%2C%22color%22%3A%22%22%7D"},{"data":"%7B%22icon%22%3A%22fa-vk%22%2C%22enable%22%3A%22%22%2C%22url%22%3A%22%22%2C%22background%22%3A%22%22%2C%22color%22%3A%22%22%7D"},{"data":"%7B%22icon%22%3A%22fa-weibo%22%2C%22enable%22%3A%22%22%2C%22url%22%3A%22%22%2C%22background%22%3A%22%22%2C%22color%22%3A%22%22%7D"},{"data":"%7B%22icon%22%3A%22fa-weixin%22%2C%22enable%22%3A%22%22%2C%22url%22%3A%22%22%2C%22background%22%3A%22%22%2C%22color%22%3A%22%22%7D"},{"data":"%7B%22icon%22%3A%22fa-windows%22%2C%22enable%22%3A%22%22%2C%22url%22%3A%22%22%2C%22background%22%3A%22%22%2C%22color%22%3A%22%22%7D"},{"data":"%7B%22icon%22%3A%22fa-wordpress%22%2C%22enable%22%3A%22%22%2C%22url%22%3A%22%22%2C%22background%22%3A%22%22%2C%22color%22%3A%22%22%7D"},{"data":"%7B%22icon%22%3A%22fa-xing%22%2C%22enable%22%3A%22%22%2C%22url%22%3A%22%22%2C%22background%22%3A%22%22%2C%22color%22%3A%22%22%7D"},{"data":"%7B%22icon%22%3A%22fa-xing-square%22%2C%22enable%22%3A%22%22%2C%22url%22%3A%22%22%2C%22background%22%3A%22%22%2C%22color%22%3A%22%22%7D"},{"data":"%7B%22icon%22%3A%22fa-yahoo%22%2C%22enable%22%3A%22%22%2C%22url%22%3A%22%22%2C%22background%22%3A%22%22%2C%22color%22%3A%22%22%7D"},{"data":"%7B%22icon%22%3A%22fa-yelp%22%2C%22enable%22%3A%22%22%2C%22url%22%3A%22%22%2C%22background%22%3A%22%22%2C%22color%22%3A%22%22%7D"},{"data":"%7B%22icon%22%3A%22fa-youtube%22%2C%22enable%22%3A%22%22%2C%22url%22%3A%22%22%2C%22background%22%3A%22%22%2C%22color%22%3A%22%22%7D"},{"data":"%7B%22icon%22%3A%22fa-youtube-play%22%2C%22enable%22%3A%22%22%2C%22url%22%3A%22%22%2C%22background%22%3A%22%22%2C%22color%22%3A%22%22%7D"},{"data":"%7B%22icon%22%3A%22fa-youtube-square%22%2C%22enable%22%3A%22%22%2C%22url%22%3A%22%22%2C%22background%22%3A%22%22%2C%22color%22%3A%22%22%7D"}],"button_show_v1":"1","button_v1":"Contact With Us","button_link_v1":"http:\/\/z.commonsupport.com\/xoven\/contact\/","phone_title_v2":"PLEase Call Me !","phone_v2":"+222 666 00 55","phone_link_v2":"#","header_social_show_v2":"1","header_social_v2":[{"data":"%7B%22icon%22%3A%22fa-adn%22%2C%22enable%22%3A%22%22%2C%22url%22%3A%22%22%2C%22background%22%3A%22%22%2C%22color%22%3A%22%22%7D"},{"data":"%7B%22icon%22%3A%22fa-android%22%2C%22enable%22%3A%22%22%2C%22url%22%3A%22%22%2C%22background%22%3A%22%22%2C%22color%22%3A%22%22%7D"},{"data":"%7B%22icon%22%3A%22fa-apple%22%2C%22enable%22%3A%22%22%2C%22url%22%3A%22%22%2C%22background%22%3A%22%22%2C%22color%22%3A%22%22%7D"},{"data":"%7B%22icon%22%3A%22fa-behance%22%2C%22enable%22%3A%22%22%2C%22url%22%3A%22%22%2C%22background%22%3A%22%22%2C%22color%22%3A%22%22%7D"},{"data":"%7B%22icon%22%3A%22fa-behance-square%22%2C%22enable%22%3A%22%22%2C%22url%22%3A%22%22%2C%22background%22%3A%22%22%2C%22color%22%3A%22%22%7D"},{"data":"%7B%22icon%22%3A%22fa-bitbucket%22%2C%22enable%22%3A%22%22%2C%22url%22%3A%22%22%2C%22background%22%3A%22%22%2C%22color%22%3A%22%22%7D"},{"data":"%7B%22icon%22%3A%22fa-btc%22%2C%22enable%22%3A%22%22%2C%22url%22%3A%22%22%2C%22background%22%3A%22%22%2C%22color%22%3A%22%22%7D"},{"data":"%7B%22icon%22%3A%22fa-css3%22%2C%22enable%22%3A%22%22%2C%22url%22%3A%22%22%2C%22background%22%3A%22%22%2C%22color%22%3A%22%22%7D"},{"data":"%7B%22icon%22%3A%22fa-delicious%22%2C%22enable%22%3A%22%22%2C%22url%22%3A%22%22%2C%22background%22%3A%22%22%2C%22color%22%3A%22%22%7D"},{"data":"%7B%22icon%22%3A%22fa-deviantart%22%2C%22enable%22%3A%22%22%2C%22url%22%3A%22%22%2C%22background%22%3A%22%22%2C%22color%22%3A%22%22%7D"},{"data":"%7B%22icon%22%3A%22fa-dribbble%22%2C%22enable%22%3A%22%22%2C%22url%22%3A%22%22%2C%22background%22%3A%22%22%2C%22color%22%3A%22%22%7D"},{"data":"%7B%22icon%22%3A%22fa-dropbox%22%2C%22enable%22%3A%22%22%2C%22url%22%3A%22%22%2C%22background%22%3A%22%22%2C%22color%22%3A%22%22%7D"},{"data":"%7B%22icon%22%3A%22fa-drupal%22%2C%22enable%22%3A%22%22%2C%22url%22%3A%22%22%2C%22background%22%3A%22%22%2C%22color%22%3A%22%22%7D"},{"data":"%7B%22icon%22%3A%22fa-empire%22%2C%22enable%22%3A%22%22%2C%22url%22%3A%22%22%2C%22background%22%3A%22%22%2C%22color%22%3A%22%22%7D"},{"data":"%7B%22icon%22%3A%22fa-facebook%22%2C%22enable%22%3A%22true%22%2C%22url%22%3A%22%22%2C%22background%22%3A%22%22%2C%22color%22%3A%22%22%7D"},{"data":"%7B%22icon%22%3A%22fa-foursquare%22%2C%22enable%22%3A%22%22%2C%22url%22%3A%22%22%2C%22background%22%3A%22%22%2C%22color%22%3A%22%22%7D"},{"data":"%7B%22icon%22%3A%22fa-git-square%22%2C%22enable%22%3A%22%22%2C%22url%22%3A%22%22%2C%22background%22%3A%22%22%2C%22color%22%3A%22%22%7D"},{"data":"%7B%22icon%22%3A%22fa-github%22%2C%22enable%22%3A%22%22%2C%22url%22%3A%22%22%2C%22background%22%3A%22%22%2C%22color%22%3A%22%22%7D"},{"data":"%7B%22icon%22%3A%22fa-github%22%2C%22enable%22%3A%22%22%2C%22url%22%3A%22%22%2C%22background%22%3A%22%22%2C%22color%22%3A%22%22%7D"},{"data":"%7B%22icon%22%3A%22fa-github-square%22%2C%22enable%22%3A%22%22%2C%22url%22%3A%22%22%2C%22background%22%3A%22%22%2C%22color%22%3A%22%22%7D"},{"data":"%7B%22icon%22%3A%22fa-gittip%22%2C%22enable%22%3A%22%22%2C%22url%22%3A%22%22%2C%22background%22%3A%22%22%2C%22color%22%3A%22%22%7D"},{"data":"%7B%22icon%22%3A%22fa-google%22%2C%22enable%22%3A%22%22%2C%22url%22%3A%22%22%2C%22background%22%3A%22%22%2C%22color%22%3A%22%22%7D"},{"data":"%7B%22icon%22%3A%22fa-google-plus%22%2C%22enable%22%3A%22%22%2C%22url%22%3A%22%22%2C%22background%22%3A%22%22%2C%22color%22%3A%22%22%7D"},{"data":"%7B%22icon%22%3A%22fa-google-plus-square%22%2C%22enable%22%3A%22%22%2C%22url%22%3A%22%22%2C%22background%22%3A%22%22%2C%22color%22%3A%22%22%7D"},{"data":"%7B%22icon%22%3A%22fa-hacker-news%22%2C%22enable%22%3A%22%22%2C%22url%22%3A%22%22%2C%22background%22%3A%22%22%2C%22color%22%3A%22%22%7D"},{"data":"%7B%22icon%22%3A%22fa-html5%22%2C%22enable%22%3A%22%22%2C%22url%22%3A%22%22%2C%22background%22%3A%22%22%2C%22color%22%3A%22%22%7D"},{"data":"%7B%22icon%22%3A%22fa-instagram%22%2C%22enable%22%3A%22%22%2C%22url%22%3A%22%22%2C%22background%22%3A%22%22%2C%22color%22%3A%22%22%7D"},{"data":"%7B%22icon%22%3A%22fa-joomla%22%2C%22enable%22%3A%22%22%2C%22url%22%3A%22%22%2C%22background%22%3A%22%22%2C%22color%22%3A%22%22%7D"},{"data":"%7B%22icon%22%3A%22fa-jsfiddle%22%2C%22enable%22%3A%22%22%2C%22url%22%3A%22%22%2C%22background%22%3A%22%22%2C%22color%22%3A%22%22%7D"},{"data":"%7B%22icon%22%3A%22fa-linkedin%22%2C%22enable%22%3A%22true%22%2C%22url%22%3A%22%22%2C%22background%22%3A%22%22%2C%22color%22%3A%22%22%7D"},{"data":"%7B%22icon%22%3A%22fa-linkedin-square%22%2C%22enable%22%3A%22%22%2C%22url%22%3A%22%22%2C%22background%22%3A%22%22%2C%22color%22%3A%22%22%7D"},{"data":"%7B%22icon%22%3A%22fa-linux%22%2C%22enable%22%3A%22%22%2C%22url%22%3A%22%22%2C%22background%22%3A%22%22%2C%22color%22%3A%22%22%7D"},{"data":"%7B%22icon%22%3A%22fa-maxcdn%22%2C%22enable%22%3A%22%22%2C%22url%22%3A%22%22%2C%22background%22%3A%22%22%2C%22color%22%3A%22%22%7D"},{"data":"%7B%22icon%22%3A%22fa-openid%22%2C%22enable%22%3A%22%22%2C%22url%22%3A%22%22%2C%22background%22%3A%22%22%2C%22color%22%3A%22%22%7D"},{"data":"%7B%22icon%22%3A%22fa-pagelines%22%2C%22enable%22%3A%22%22%2C%22url%22%3A%22%22%2C%22background%22%3A%22%22%2C%22color%22%3A%22%22%7D"},{"data":"%7B%22icon%22%3A%22fa-pied-piper%22%2C%22enable%22%3A%22%22%2C%22url%22%3A%22%22%2C%22background%22%3A%22%22%2C%22color%22%3A%22%22%7D"},{"data":"%7B%22icon%22%3A%22fa-pinterest%22%2C%22enable%22%3A%22true%22%2C%22url%22%3A%22%22%2C%22background%22%3A%22%22%2C%22color%22%3A%22%22%7D"},{"data":"%7B%22icon%22%3A%22fa-pinterest-square%22%2C%22enable%22%3A%22%22%2C%22url%22%3A%22%22%2C%22background%22%3A%22%22%2C%22color%22%3A%22%22%7D"},{"data":"%7B%22icon%22%3A%22fa-qq%22%2C%22enable%22%3A%22%22%2C%22url%22%3A%22%22%2C%22background%22%3A%22%22%2C%22color%22%3A%22%22%7D"},{"data":"%7B%22icon%22%3A%22fa-rebel%22%2C%22enable%22%3A%22%22%2C%22url%22%3A%22%22%2C%22background%22%3A%22%22%2C%22color%22%3A%22%22%7D"},{"data":"%7B%22icon%22%3A%22fa-reddit%22%2C%22enable%22%3A%22%22%2C%22url%22%3A%22%22%2C%22background%22%3A%22%22%2C%22color%22%3A%22%22%7D"},{"data":"%7B%22icon%22%3A%22fa-reddit-square%22%2C%22enable%22%3A%22%22%2C%22url%22%3A%22%22%2C%22background%22%3A%22%22%2C%22color%22%3A%22%22%7D"},{"data":"%7B%22icon%22%3A%22fa-renren%22%2C%22enable%22%3A%22%22%2C%22url%22%3A%22%22%2C%22background%22%3A%22%22%2C%22color%22%3A%22%22%7D"},{"data":"%7B%22icon%22%3A%22fa-share-alt%22%2C%22enable%22%3A%22%22%2C%22url%22%3A%22%22%2C%22background%22%3A%22%22%2C%22color%22%3A%22%22%7D"},{"data":"%7B%22icon%22%3A%22fa-share-alt-square%22%2C%22enable%22%3A%22%22%2C%22url%22%3A%22%22%2C%22background%22%3A%22%22%2C%22color%22%3A%22%22%7D"},{"data":"%7B%22icon%22%3A%22fa-skype%22%2C%22enable%22%3A%22%22%2C%22url%22%3A%22%22%2C%22background%22%3A%22%22%2C%22color%22%3A%22%22%7D"},{"data":"%7B%22icon%22%3A%22fa-slack%22%2C%22enable%22%3A%22%22%2C%22url%22%3A%22%22%2C%22background%22%3A%22%22%2C%22color%22%3A%22%22%7D"},{"data":"%7B%22icon%22%3A%22fa-soundcloud%22%2C%22enable%22%3A%22%22%2C%22url%22%3A%22%22%2C%22background%22%3A%22%22%2C%22color%22%3A%22%22%7D"},{"data":"%7B%22icon%22%3A%22fa-spotify%22%2C%22enable%22%3A%22%22%2C%22url%22%3A%22%22%2C%22background%22%3A%22%22%2C%22color%22%3A%22%22%7D"},{"data":"%7B%22icon%22%3A%22fa-stack-exchange%22%2C%22enable%22%3A%22%22%2C%22url%22%3A%22%22%2C%22background%22%3A%22%22%2C%22color%22%3A%22%22%7D"},{"data":"%7B%22icon%22%3A%22fa-stack-overflow%22%2C%22enable%22%3A%22%22%2C%22url%22%3A%22%22%2C%22background%22%3A%22%22%2C%22color%22%3A%22%22%7D"},{"data":"%7B%22icon%22%3A%22fa-steam%22%2C%22enable%22%3A%22%22%2C%22url%22%3A%22%22%2C%22background%22%3A%22%22%2C%22color%22%3A%22%22%7D"},{"data":"%7B%22icon%22%3A%22fa-steam-square%22%2C%22enable%22%3A%22%22%2C%22url%22%3A%22%22%2C%22background%22%3A%22%22%2C%22color%22%3A%22%22%7D"},{"data":"%7B%22icon%22%3A%22fa-stumbleupon%22%2C%22enable%22%3A%22%22%2C%22url%22%3A%22%22%2C%22background%22%3A%22%22%2C%22color%22%3A%22%22%7D"},{"data":"%7B%22icon%22%3A%22fa-stumbleupon-circle%22%2C%22enable%22%3A%22%22%2C%22url%22%3A%22%22%2C%22background%22%3A%22%22%2C%22color%22%3A%22%22%7D"},{"data":"%7B%22icon%22%3A%22fa-tencent-weibo%22%2C%22enable%22%3A%22%22%2C%22url%22%3A%22%22%2C%22background%22%3A%22%22%2C%22color%22%3A%22%22%7D"},{"data":"%7B%22icon%22%3A%22fa-trello%22%2C%22enable%22%3A%22%22%2C%22url%22%3A%22%22%2C%22background%22%3A%22%22%2C%22color%22%3A%22%22%7D"},{"data":"%7B%22icon%22%3A%22fa-tumblr%22%2C%22enable%22%3A%22%22%2C%22url%22%3A%22%22%2C%22background%22%3A%22%22%2C%22color%22%3A%22%22%7D"},{"data":"%7B%22icon%22%3A%22fa-tumblr-square%22%2C%22enable%22%3A%22%22%2C%22url%22%3A%22%22%2C%22background%22%3A%22%22%2C%22color%22%3A%22%22%7D"},{"data":"%7B%22icon%22%3A%22fa-twitter%22%2C%22enable%22%3A%22true%22%2C%22url%22%3A%22%22%2C%22background%22%3A%22%22%2C%22color%22%3A%22%22%7D"},{"data":"%7B%22icon%22%3A%22fa-twitter-square%22%2C%22enable%22%3A%22%22%2C%22url%22%3A%22%22%2C%22background%22%3A%22%22%2C%22color%22%3A%22%22%7D"},{"data":"%7B%22icon%22%3A%22fa-vimeo-square%22%2C%22enable%22%3A%22%22%2C%22url%22%3A%22%22%2C%22background%22%3A%22%22%2C%22color%22%3A%22%22%7D"},{"data":"%7B%22icon%22%3A%22fa-vine%22%2C%22enable%22%3A%22%22%2C%22url%22%3A%22%22%2C%22background%22%3A%22%22%2C%22color%22%3A%22%22%7D"},{"data":"%7B%22icon%22%3A%22fa-vk%22%2C%22enable%22%3A%22%22%2C%22url%22%3A%22%22%2C%22background%22%3A%22%22%2C%22color%22%3A%22%22%7D"},{"data":"%7B%22icon%22%3A%22fa-weibo%22%2C%22enable%22%3A%22%22%2C%22url%22%3A%22%22%2C%22background%22%3A%22%22%2C%22color%22%3A%22%22%7D"},{"data":"%7B%22icon%22%3A%22fa-weixin%22%2C%22enable%22%3A%22%22%2C%22url%22%3A%22%22%2C%22background%22%3A%22%22%2C%22color%22%3A%22%22%7D"},{"data":"%7B%22icon%22%3A%22fa-windows%22%2C%22enable%22%3A%22%22%2C%22url%22%3A%22%22%2C%22background%22%3A%22%22%2C%22color%22%3A%22%22%7D"},{"data":"%7B%22icon%22%3A%22fa-wordpress%22%2C%22enable%22%3A%22%22%2C%22url%22%3A%22%22%2C%22background%22%3A%22%22%2C%22color%22%3A%22%22%7D"},{"data":"%7B%22icon%22%3A%22fa-xing%22%2C%22enable%22%3A%22%22%2C%22url%22%3A%22%22%2C%22background%22%3A%22%22%2C%22color%22%3A%22%22%7D"},{"data":"%7B%22icon%22%3A%22fa-xing-square%22%2C%22enable%22%3A%22%22%2C%22url%22%3A%22%22%2C%22background%22%3A%22%22%2C%22color%22%3A%22%22%7D"},{"data":"%7B%22icon%22%3A%22fa-yahoo%22%2C%22enable%22%3A%22%22%2C%22url%22%3A%22%22%2C%22background%22%3A%22%22%2C%22color%22%3A%22%22%7D"},{"data":"%7B%22icon%22%3A%22fa-yelp%22%2C%22enable%22%3A%22%22%2C%22url%22%3A%22%22%2C%22background%22%3A%22%22%2C%22color%22%3A%22%22%7D"},{"data":"%7B%22icon%22%3A%22fa-youtube%22%2C%22enable%22%3A%22%22%2C%22url%22%3A%22%22%2C%22background%22%3A%22%22%2C%22color%22%3A%22%22%7D"},{"data":"%7B%22icon%22%3A%22fa-youtube-play%22%2C%22enable%22%3A%22%22%2C%22url%22%3A%22%22%2C%22background%22%3A%22%22%2C%22color%22%3A%22%22%7D"},{"data":"%7B%22icon%22%3A%22fa-youtube-square%22%2C%22enable%22%3A%22%22%2C%22url%22%3A%22%22%2C%22background%22%3A%22%22%2C%22color%22%3A%22%22%7D"}],"phone_title_v3":"PLEase Call Me !","phone_v3":"+222 666 00 55","phone_link_v3":"#","button_show_v3":"1","button_v3":"Contact With Us","button_link_v3":"http:\/\/z.commonsupport.com\/xoven\/contact\/","header_social_show_v3":"1","header_social_v3":[{"data":"%7B%22icon%22%3A%22fa-adn%22%2C%22enable%22%3A%22%22%2C%22url%22%3A%22%22%2C%22background%22%3A%22%22%2C%22color%22%3A%22%22%7D"},{"data":"%7B%22icon%22%3A%22fa-android%22%2C%22enable%22%3A%22%22%2C%22url%22%3A%22%22%2C%22background%22%3A%22%22%2C%22color%22%3A%22%22%7D"},{"data":"%7B%22icon%22%3A%22fa-apple%22%2C%22enable%22%3A%22%22%2C%22url%22%3A%22%22%2C%22background%22%3A%22%22%2C%22color%22%3A%22%22%7D"},{"data":"%7B%22icon%22%3A%22fa-behance%22%2C%22enable%22%3A%22%22%2C%22url%22%3A%22%22%2C%22background%22%3A%22%22%2C%22color%22%3A%22%22%7D"},{"data":"%7B%22icon%22%3A%22fa-behance-square%22%2C%22enable%22%3A%22%22%2C%22url%22%3A%22%22%2C%22background%22%3A%22%22%2C%22color%22%3A%22%22%7D"},{"data":"%7B%22icon%22%3A%22fa-bitbucket%22%2C%22enable%22%3A%22%22%2C%22url%22%3A%22%22%2C%22background%22%3A%22%22%2C%22color%22%3A%22%22%7D"},{"data":"%7B%22icon%22%3A%22fa-btc%22%2C%22enable%22%3A%22%22%2C%22url%22%3A%22%22%2C%22background%22%3A%22%22%2C%22color%22%3A%22%22%7D"},{"data":"%7B%22icon%22%3A%22fa-css3%22%2C%22enable%22%3A%22%22%2C%22url%22%3A%22%22%2C%22background%22%3A%22%22%2C%22color%22%3A%22%22%7D"},{"data":"%7B%22icon%22%3A%22fa-delicious%22%2C%22enable%22%3A%22%22%2C%22url%22%3A%22%22%2C%22background%22%3A%22%22%2C%22color%22%3A%22%22%7D"},{"data":"%7B%22icon%22%3A%22fa-deviantart%22%2C%22enable%22%3A%22%22%2C%22url%22%3A%22%22%2C%22background%22%3A%22%22%2C%22color%22%3A%22%22%7D"},{"data":"%7B%22icon%22%3A%22fa-dribbble%22%2C%22enable%22%3A%22%22%2C%22url%22%3A%22%22%2C%22background%22%3A%22%22%2C%22color%22%3A%22%22%7D"},{"data":"%7B%22icon%22%3A%22fa-dropbox%22%2C%22enable%22%3A%22%22%2C%22url%22%3A%22%22%2C%22background%22%3A%22%22%2C%22color%22%3A%22%22%7D"},{"data":"%7B%22icon%22%3A%22fa-drupal%22%2C%22enable%22%3A%22%22%2C%22url%22%3A%22%22%2C%22background%22%3A%22%22%2C%22color%22%3A%22%22%7D"},{"data":"%7B%22icon%22%3A%22fa-empire%22%2C%22enable%22%3A%22%22%2C%22url%22%3A%22%22%2C%22background%22%3A%22%22%2C%22color%22%3A%22%22%7D"},{"data":"%7B%22icon%22%3A%22fa-facebook%22%2C%22enable%22%3A%22true%22%2C%22url%22%3A%22%22%2C%22background%22%3A%22%22%2C%22color%22%3A%22%22%7D"},{"data":"%7B%22icon%22%3A%22fa-foursquare%22%2C%22enable%22%3A%22%22%2C%22url%22%3A%22%22%2C%22background%22%3A%22%22%2C%22color%22%3A%22%22%7D"},{"data":"%7B%22icon%22%3A%22fa-git-square%22%2C%22enable%22%3A%22%22%2C%22url%22%3A%22%22%2C%22background%22%3A%22%22%2C%22color%22%3A%22%22%7D"},{"data":"%7B%22icon%22%3A%22fa-github%22%2C%22enable%22%3A%22%22%2C%22url%22%3A%22%22%2C%22background%22%3A%22%22%2C%22color%22%3A%22%22%7D"},{"data":"%7B%22icon%22%3A%22fa-github%22%2C%22enable%22%3A%22%22%2C%22url%22%3A%22%22%2C%22background%22%3A%22%22%2C%22color%22%3A%22%22%7D"},{"data":"%7B%22icon%22%3A%22fa-github-square%22%2C%22enable%22%3A%22%22%2C%22url%22%3A%22%22%2C%22background%22%3A%22%22%2C%22color%22%3A%22%22%7D"},{"data":"%7B%22icon%22%3A%22fa-gittip%22%2C%22enable%22%3A%22%22%2C%22url%22%3A%22%22%2C%22background%22%3A%22%22%2C%22color%22%3A%22%22%7D"},{"data":"%7B%22icon%22%3A%22fa-google%22%2C%22enable%22%3A%22%22%2C%22url%22%3A%22%22%2C%22background%22%3A%22%22%2C%22color%22%3A%22%22%7D"},{"data":"%7B%22icon%22%3A%22fa-google-plus%22%2C%22enable%22%3A%22%22%2C%22url%22%3A%22%22%2C%22background%22%3A%22%22%2C%22color%22%3A%22%22%7D"},{"data":"%7B%22icon%22%3A%22fa-google-plus-square%22%2C%22enable%22%3A%22%22%2C%22url%22%3A%22%22%2C%22background%22%3A%22%22%2C%22color%22%3A%22%22%7D"},{"data":"%7B%22icon%22%3A%22fa-hacker-news%22%2C%22enable%22%3A%22%22%2C%22url%22%3A%22%22%2C%22background%22%3A%22%22%2C%22color%22%3A%22%22%7D"},{"data":"%7B%22icon%22%3A%22fa-html5%22%2C%22enable%22%3A%22%22%2C%22url%22%3A%22%22%2C%22background%22%3A%22%22%2C%22color%22%3A%22%22%7D"},{"data":"%7B%22icon%22%3A%22fa-instagram%22%2C%22enable%22%3A%22%22%2C%22url%22%3A%22%22%2C%22background%22%3A%22%22%2C%22color%22%3A%22%22%7D"},{"data":"%7B%22icon%22%3A%22fa-joomla%22%2C%22enable%22%3A%22%22%2C%22url%22%3A%22%22%2C%22background%22%3A%22%22%2C%22color%22%3A%22%22%7D"},{"data":"%7B%22icon%22%3A%22fa-jsfiddle%22%2C%22enable%22%3A%22%22%2C%22url%22%3A%22%22%2C%22background%22%3A%22%22%2C%22color%22%3A%22%22%7D"},{"data":"%7B%22icon%22%3A%22fa-linkedin%22%2C%22enable%22%3A%22true%22%2C%22url%22%3A%22%22%2C%22background%22%3A%22%22%2C%22color%22%3A%22%22%7D"},{"data":"%7B%22icon%22%3A%22fa-linkedin-square%22%2C%22enable%22%3A%22%22%2C%22url%22%3A%22%22%2C%22background%22%3A%22%22%2C%22color%22%3A%22%22%7D"},{"data":"%7B%22icon%22%3A%22fa-linux%22%2C%22enable%22%3A%22%22%2C%22url%22%3A%22%22%2C%22background%22%3A%22%22%2C%22color%22%3A%22%22%7D"},{"data":"%7B%22icon%22%3A%22fa-maxcdn%22%2C%22enable%22%3A%22%22%2C%22url%22%3A%22%22%2C%22background%22%3A%22%22%2C%22color%22%3A%22%22%7D"},{"data":"%7B%22icon%22%3A%22fa-openid%22%2C%22enable%22%3A%22%22%2C%22url%22%3A%22%22%2C%22background%22%3A%22%22%2C%22color%22%3A%22%22%7D"},{"data":"%7B%22icon%22%3A%22fa-pagelines%22%2C%22enable%22%3A%22%22%2C%22url%22%3A%22%22%2C%22background%22%3A%22%22%2C%22color%22%3A%22%22%7D"},{"data":"%7B%22icon%22%3A%22fa-pied-piper%22%2C%22enable%22%3A%22%22%2C%22url%22%3A%22%22%2C%22background%22%3A%22%22%2C%22color%22%3A%22%22%7D"},{"data":"%7B%22icon%22%3A%22fa-pinterest%22%2C%22enable%22%3A%22true%22%2C%22url%22%3A%22%22%2C%22background%22%3A%22%22%2C%22color%22%3A%22%22%7D"},{"data":"%7B%22icon%22%3A%22fa-pinterest-square%22%2C%22enable%22%3A%22%22%2C%22url%22%3A%22%22%2C%22background%22%3A%22%22%2C%22color%22%3A%22%22%7D"},{"data":"%7B%22icon%22%3A%22fa-qq%22%2C%22enable%22%3A%22%22%2C%22url%22%3A%22%22%2C%22background%22%3A%22%22%2C%22color%22%3A%22%22%7D"},{"data":"%7B%22icon%22%3A%22fa-rebel%22%2C%22enable%22%3A%22%22%2C%22url%22%3A%22%22%2C%22background%22%3A%22%22%2C%22color%22%3A%22%22%7D"},{"data":"%7B%22icon%22%3A%22fa-reddit%22%2C%22enable%22%3A%22%22%2C%22url%22%3A%22%22%2C%22background%22%3A%22%22%2C%22color%22%3A%22%22%7D"},{"data":"%7B%22icon%22%3A%22fa-reddit-square%22%2C%22enable%22%3A%22%22%2C%22url%22%3A%22%22%2C%22background%22%3A%22%22%2C%22color%22%3A%22%22%7D"},{"data":"%7B%22icon%22%3A%22fa-renren%22%2C%22enable%22%3A%22%22%2C%22url%22%3A%22%22%2C%22background%22%3A%22%22%2C%22color%22%3A%22%22%7D"},{"data":"%7B%22icon%22%3A%22fa-share-alt%22%2C%22enable%22%3A%22%22%2C%22url%22%3A%22%22%2C%22background%22%3A%22%22%2C%22color%22%3A%22%22%7D"},{"data":"%7B%22icon%22%3A%22fa-share-alt-square%22%2C%22enable%22%3A%22%22%2C%22url%22%3A%22%22%2C%22background%22%3A%22%22%2C%22color%22%3A%22%22%7D"},{"data":"%7B%22icon%22%3A%22fa-skype%22%2C%22enable%22%3A%22%22%2C%22url%22%3A%22%22%2C%22background%22%3A%22%22%2C%22color%22%3A%22%22%7D"},{"data":"%7B%22icon%22%3A%22fa-slack%22%2C%22enable%22%3A%22%22%2C%22url%22%3A%22%22%2C%22background%22%3A%22%22%2C%22color%22%3A%22%22%7D"},{"data":"%7B%22icon%22%3A%22fa-soundcloud%22%2C%22enable%22%3A%22%22%2C%22url%22%3A%22%22%2C%22background%22%3A%22%22%2C%22color%22%3A%22%22%7D"},{"data":"%7B%22icon%22%3A%22fa-spotify%22%2C%22enable%22%3A%22%22%2C%22url%22%3A%22%22%2C%22background%22%3A%22%22%2C%22color%22%3A%22%22%7D"},{"data":"%7B%22icon%22%3A%22fa-stack-exchange%22%2C%22enable%22%3A%22%22%2C%22url%22%3A%22%22%2C%22background%22%3A%22%22%2C%22color%22%3A%22%22%7D"},{"data":"%7B%22icon%22%3A%22fa-stack-overflow%22%2C%22enable%22%3A%22%22%2C%22url%22%3A%22%22%2C%22background%22%3A%22%22%2C%22color%22%3A%22%22%7D"},{"data":"%7B%22icon%22%3A%22fa-steam%22%2C%22enable%22%3A%22%22%2C%22url%22%3A%22%22%2C%22background%22%3A%22%22%2C%22color%22%3A%22%22%7D"},{"data":"%7B%22icon%22%3A%22fa-steam-square%22%2C%22enable%22%3A%22%22%2C%22url%22%3A%22%22%2C%22background%22%3A%22%22%2C%22color%22%3A%22%22%7D"},{"data":"%7B%22icon%22%3A%22fa-stumbleupon%22%2C%22enable%22%3A%22%22%2C%22url%22%3A%22%22%2C%22background%22%3A%22%22%2C%22color%22%3A%22%22%7D"},{"data":"%7B%22icon%22%3A%22fa-stumbleupon-circle%22%2C%22enable%22%3A%22%22%2C%22url%22%3A%22%22%2C%22background%22%3A%22%22%2C%22color%22%3A%22%22%7D"},{"data":"%7B%22icon%22%3A%22fa-tencent-weibo%22%2C%22enable%22%3A%22%22%2C%22url%22%3A%22%22%2C%22background%22%3A%22%22%2C%22color%22%3A%22%22%7D"},{"data":"%7B%22icon%22%3A%22fa-trello%22%2C%22enable%22%3A%22%22%2C%22url%22%3A%22%22%2C%22background%22%3A%22%22%2C%22color%22%3A%22%22%7D"},{"data":"%7B%22icon%22%3A%22fa-tumblr%22%2C%22enable%22%3A%22%22%2C%22url%22%3A%22%22%2C%22background%22%3A%22%22%2C%22color%22%3A%22%22%7D"},{"data":"%7B%22icon%22%3A%22fa-tumblr-square%22%2C%22enable%22%3A%22%22%2C%22url%22%3A%22%22%2C%22background%22%3A%22%22%2C%22color%22%3A%22%22%7D"},{"data":"%7B%22icon%22%3A%22fa-twitter%22%2C%22enable%22%3A%22true%22%2C%22url%22%3A%22%22%2C%22background%22%3A%22%22%2C%22color%22%3A%22%22%7D"},{"data":"%7B%22icon%22%3A%22fa-twitter-square%22%2C%22enable%22%3A%22%22%2C%22url%22%3A%22%22%2C%22background%22%3A%22%22%2C%22color%22%3A%22%22%7D"},{"data":"%7B%22icon%22%3A%22fa-vimeo-square%22%2C%22enable%22%3A%22%22%2C%22url%22%3A%22%22%2C%22background%22%3A%22%22%2C%22color%22%3A%22%22%7D"},{"data":"%7B%22icon%22%3A%22fa-vine%22%2C%22enable%22%3A%22%22%2C%22url%22%3A%22%22%2C%22background%22%3A%22%22%2C%22color%22%3A%22%22%7D"},{"data":"%7B%22icon%22%3A%22fa-vk%22%2C%22enable%22%3A%22%22%2C%22url%22%3A%22%22%2C%22background%22%3A%22%22%2C%22color%22%3A%22%22%7D"},{"data":"%7B%22icon%22%3A%22fa-weibo%22%2C%22enable%22%3A%22%22%2C%22url%22%3A%22%22%2C%22background%22%3A%22%22%2C%22color%22%3A%22%22%7D"},{"data":"%7B%22icon%22%3A%22fa-weixin%22%2C%22enable%22%3A%22%22%2C%22url%22%3A%22%22%2C%22background%22%3A%22%22%2C%22color%22%3A%22%22%7D"},{"data":"%7B%22icon%22%3A%22fa-windows%22%2C%22enable%22%3A%22%22%2C%22url%22%3A%22%22%2C%22background%22%3A%22%22%2C%22color%22%3A%22%22%7D"},{"data":"%7B%22icon%22%3A%22fa-wordpress%22%2C%22enable%22%3A%22%22%2C%22url%22%3A%22%22%2C%22background%22%3A%22%22%2C%22color%22%3A%22%22%7D"},{"data":"%7B%22icon%22%3A%22fa-xing%22%2C%22enable%22%3A%22%22%2C%22url%22%3A%22%22%2C%22background%22%3A%22%22%2C%22color%22%3A%22%22%7D"},{"data":"%7B%22icon%22%3A%22fa-xing-square%22%2C%22enable%22%3A%22%22%2C%22url%22%3A%22%22%2C%22background%22%3A%22%22%2C%22color%22%3A%22%22%7D"},{"data":"%7B%22icon%22%3A%22fa-yahoo%22%2C%22enable%22%3A%22%22%2C%22url%22%3A%22%22%2C%22background%22%3A%22%22%2C%22color%22%3A%22%22%7D"},{"data":"%7B%22icon%22%3A%22fa-yelp%22%2C%22enable%22%3A%22%22%2C%22url%22%3A%22%22%2C%22background%22%3A%22%22%2C%22color%22%3A%22%22%7D"},{"data":"%7B%22icon%22%3A%22fa-youtube%22%2C%22enable%22%3A%22%22%2C%22url%22%3A%22%22%2C%22background%22%3A%22%22%2C%22color%22%3A%22%22%7D"},{"data":"%7B%22icon%22%3A%22fa-youtube-play%22%2C%22enable%22%3A%22%22%2C%22url%22%3A%22%22%2C%22background%22%3A%22%22%2C%22color%22%3A%22%22%7D"},{"data":"%7B%22icon%22%3A%22fa-youtube-square%22%2C%22enable%22%3A%22%22%2C%22url%22%3A%22%22%2C%22background%22%3A%22%22%2C%22color%22%3A%22%22%7D"}],"phone_title_v4":"PLEase Call Me !","phone_v4":"+222 666 00 55","phone_link_v4":"#","button_show_v4":"1","button_v4":"Contact With Us","button_link_v4":"http:\/\/z.commonsupport.com\/xoven\/contact\/","header_social_show_v4":"1","header_social_v4":[{"data":"%7B%22icon%22%3A%22fa-adn%22%2C%22enable%22%3A%22%22%2C%22url%22%3A%22%22%2C%22background%22%3A%22%22%2C%22color%22%3A%22%22%7D"},{"data":"%7B%22icon%22%3A%22fa-android%22%2C%22enable%22%3A%22%22%2C%22url%22%3A%22%22%2C%22background%22%3A%22%22%2C%22color%22%3A%22%22%7D"},{"data":"%7B%22icon%22%3A%22fa-apple%22%2C%22enable%22%3A%22%22%2C%22url%22%3A%22%22%2C%22background%22%3A%22%22%2C%22color%22%3A%22%22%7D"},{"data":"%7B%22icon%22%3A%22fa-behance%22%2C%22enable%22%3A%22%22%2C%22url%22%3A%22%22%2C%22background%22%3A%22%22%2C%22color%22%3A%22%22%7D"},{"data":"%7B%22icon%22%3A%22fa-behance-square%22%2C%22enable%22%3A%22%22%2C%22url%22%3A%22%22%2C%22background%22%3A%22%22%2C%22color%22%3A%22%22%7D"},{"data":"%7B%22icon%22%3A%22fa-bitbucket%22%2C%22enable%22%3A%22%22%2C%22url%22%3A%22%22%2C%22background%22%3A%22%22%2C%22color%22%3A%22%22%7D"},{"data":"%7B%22icon%22%3A%22fa-btc%22%2C%22enable%22%3A%22%22%2C%22url%22%3A%22%22%2C%22background%22%3A%22%22%2C%22color%22%3A%22%22%7D"},{"data":"%7B%22icon%22%3A%22fa-css3%22%2C%22enable%22%3A%22%22%2C%22url%22%3A%22%22%2C%22background%22%3A%22%22%2C%22color%22%3A%22%22%7D"},{"data":"%7B%22icon%22%3A%22fa-delicious%22%2C%22enable%22%3A%22%22%2C%22url%22%3A%22%22%2C%22background%22%3A%22%22%2C%22color%22%3A%22%22%7D"},{"data":"%7B%22icon%22%3A%22fa-deviantart%22%2C%22enable%22%3A%22%22%2C%22url%22%3A%22%22%2C%22background%22%3A%22%22%2C%22color%22%3A%22%22%7D"},{"data":"%7B%22icon%22%3A%22fa-dribbble%22%2C%22enable%22%3A%22%22%2C%22url%22%3A%22%22%2C%22background%22%3A%22%22%2C%22color%22%3A%22%22%7D"},{"data":"%7B%22icon%22%3A%22fa-dropbox%22%2C%22enable%22%3A%22%22%2C%22url%22%3A%22%22%2C%22background%22%3A%22%22%2C%22color%22%3A%22%22%7D"},{"data":"%7B%22icon%22%3A%22fa-drupal%22%2C%22enable%22%3A%22%22%2C%22url%22%3A%22%22%2C%22background%22%3A%22%22%2C%22color%22%3A%22%22%7D"},{"data":"%7B%22icon%22%3A%22fa-empire%22%2C%22enable%22%3A%22%22%2C%22url%22%3A%22%22%2C%22background%22%3A%22%22%2C%22color%22%3A%22%22%7D"},{"data":"%7B%22icon%22%3A%22fa-facebook%22%2C%22enable%22%3A%22true%22%2C%22url%22%3A%22%22%2C%22background%22%3A%22%22%2C%22color%22%3A%22%22%7D"},{"data":"%7B%22icon%22%3A%22fa-foursquare%22%2C%22enable%22%3A%22%22%2C%22url%22%3A%22%22%2C%22background%22%3A%22%22%2C%22color%22%3A%22%22%7D"},{"data":"%7B%22icon%22%3A%22fa-git-square%22%2C%22enable%22%3A%22%22%2C%22url%22%3A%22%22%2C%22background%22%3A%22%22%2C%22color%22%3A%22%22%7D"},{"data":"%7B%22icon%22%3A%22fa-github%22%2C%22enable%22%3A%22%22%2C%22url%22%3A%22%22%2C%22background%22%3A%22%22%2C%22color%22%3A%22%22%7D"},{"data":"%7B%22icon%22%3A%22fa-github%22%2C%22enable%22%3A%22%22%2C%22url%22%3A%22%22%2C%22background%22%3A%22%22%2C%22color%22%3A%22%22%7D"},{"data":"%7B%22icon%22%3A%22fa-github-square%22%2C%22enable%22%3A%22%22%2C%22url%22%3A%22%22%2C%22background%22%3A%22%22%2C%22color%22%3A%22%22%7D"},{"data":"%7B%22icon%22%3A%22fa-gittip%22%2C%22enable%22%3A%22%22%2C%22url%22%3A%22%22%2C%22background%22%3A%22%22%2C%22color%22%3A%22%22%7D"},{"data":"%7B%22icon%22%3A%22fa-google%22%2C%22enable%22%3A%22%22%2C%22url%22%3A%22%22%2C%22background%22%3A%22%22%2C%22color%22%3A%22%22%7D"},{"data":"%7B%22icon%22%3A%22fa-google-plus%22%2C%22enable%22%3A%22%22%2C%22url%22%3A%22%22%2C%22background%22%3A%22%22%2C%22color%22%3A%22%22%7D"},{"data":"%7B%22icon%22%3A%22fa-google-plus-square%22%2C%22enable%22%3A%22%22%2C%22url%22%3A%22%22%2C%22background%22%3A%22%22%2C%22color%22%3A%22%22%7D"},{"data":"%7B%22icon%22%3A%22fa-hacker-news%22%2C%22enable%22%3A%22%22%2C%22url%22%3A%22%22%2C%22background%22%3A%22%22%2C%22color%22%3A%22%22%7D"},{"data":"%7B%22icon%22%3A%22fa-html5%22%2C%22enable%22%3A%22%22%2C%22url%22%3A%22%22%2C%22background%22%3A%22%22%2C%22color%22%3A%22%22%7D"},{"data":"%7B%22icon%22%3A%22fa-instagram%22%2C%22enable%22%3A%22%22%2C%22url%22%3A%22%22%2C%22background%22%3A%22%22%2C%22color%22%3A%22%22%7D"},{"data":"%7B%22icon%22%3A%22fa-joomla%22%2C%22enable%22%3A%22%22%2C%22url%22%3A%22%22%2C%22background%22%3A%22%22%2C%22color%22%3A%22%22%7D"},{"data":"%7B%22icon%22%3A%22fa-jsfiddle%22%2C%22enable%22%3A%22%22%2C%22url%22%3A%22%22%2C%22background%22%3A%22%22%2C%22color%22%3A%22%22%7D"},{"data":"%7B%22icon%22%3A%22fa-linkedin%22%2C%22enable%22%3A%22true%22%2C%22url%22%3A%22%22%2C%22background%22%3A%22%22%2C%22color%22%3A%22%22%7D"},{"data":"%7B%22icon%22%3A%22fa-linkedin-square%22%2C%22enable%22%3A%22%22%2C%22url%22%3A%22%22%2C%22background%22%3A%22%22%2C%22color%22%3A%22%22%7D"},{"data":"%7B%22icon%22%3A%22fa-linux%22%2C%22enable%22%3A%22%22%2C%22url%22%3A%22%22%2C%22background%22%3A%22%22%2C%22color%22%3A%22%22%7D"},{"data":"%7B%22icon%22%3A%22fa-maxcdn%22%2C%22enable%22%3A%22%22%2C%22url%22%3A%22%22%2C%22background%22%3A%22%22%2C%22color%22%3A%22%22%7D"},{"data":"%7B%22icon%22%3A%22fa-openid%22%2C%22enable%22%3A%22%22%2C%22url%22%3A%22%22%2C%22background%22%3A%22%22%2C%22color%22%3A%22%22%7D"},{"data":"%7B%22icon%22%3A%22fa-pagelines%22%2C%22enable%22%3A%22%22%2C%22url%22%3A%22%22%2C%22background%22%3A%22%22%2C%22color%22%3A%22%22%7D"},{"data":"%7B%22icon%22%3A%22fa-pied-piper%22%2C%22enable%22%3A%22%22%2C%22url%22%3A%22%22%2C%22background%22%3A%22%22%2C%22color%22%3A%22%22%7D"},{"data":"%7B%22icon%22%3A%22fa-pinterest%22%2C%22enable%22%3A%22%22%2C%22url%22%3A%22%22%2C%22background%22%3A%22%22%2C%22color%22%3A%22%22%7D"},{"data":"%7B%22icon%22%3A%22fa-pinterest-square%22%2C%22enable%22%3A%22%22%2C%22url%22%3A%22%22%2C%22background%22%3A%22%22%2C%22color%22%3A%22%22%7D"},{"data":"%7B%22icon%22%3A%22fa-qq%22%2C%22enable%22%3A%22%22%2C%22url%22%3A%22%22%2C%22background%22%3A%22%22%2C%22color%22%3A%22%22%7D"},{"data":"%7B%22icon%22%3A%22fa-rebel%22%2C%22enable%22%3A%22%22%2C%22url%22%3A%22%22%2C%22background%22%3A%22%22%2C%22color%22%3A%22%22%7D"},{"data":"%7B%22icon%22%3A%22fa-reddit%22%2C%22enable%22%3A%22%22%2C%22url%22%3A%22%22%2C%22background%22%3A%22%22%2C%22color%22%3A%22%22%7D"},{"data":"%7B%22icon%22%3A%22fa-reddit-square%22%2C%22enable%22%3A%22%22%2C%22url%22%3A%22%22%2C%22background%22%3A%22%22%2C%22color%22%3A%22%22%7D"},{"data":"%7B%22icon%22%3A%22fa-renren%22%2C%22enable%22%3A%22%22%2C%22url%22%3A%22%22%2C%22background%22%3A%22%22%2C%22color%22%3A%22%22%7D"},{"data":"%7B%22icon%22%3A%22fa-share-alt%22%2C%22enable%22%3A%22%22%2C%22url%22%3A%22%22%2C%22background%22%3A%22%22%2C%22color%22%3A%22%22%7D"},{"data":"%7B%22icon%22%3A%22fa-share-alt-square%22%2C%22enable%22%3A%22%22%2C%22url%22%3A%22%22%2C%22background%22%3A%22%22%2C%22color%22%3A%22%22%7D"},{"data":"%7B%22icon%22%3A%22fa-skype%22%2C%22enable%22%3A%22%22%2C%22url%22%3A%22%22%2C%22background%22%3A%22%22%2C%22color%22%3A%22%22%7D"},{"data":"%7B%22icon%22%3A%22fa-slack%22%2C%22enable%22%3A%22%22%2C%22url%22%3A%22%22%2C%22background%22%3A%22%22%2C%22color%22%3A%22%22%7D"},{"data":"%7B%22icon%22%3A%22fa-soundcloud%22%2C%22enable%22%3A%22%22%2C%22url%22%3A%22%22%2C%22background%22%3A%22%22%2C%22color%22%3A%22%22%7D"},{"data":"%7B%22icon%22%3A%22fa-spotify%22%2C%22enable%22%3A%22%22%2C%22url%22%3A%22%22%2C%22background%22%3A%22%22%2C%22color%22%3A%22%22%7D"},{"data":"%7B%22icon%22%3A%22fa-stack-exchange%22%2C%22enable%22%3A%22%22%2C%22url%22%3A%22%22%2C%22background%22%3A%22%22%2C%22color%22%3A%22%22%7D"},{"data":"%7B%22icon%22%3A%22fa-stack-overflow%22%2C%22enable%22%3A%22%22%2C%22url%22%3A%22%22%2C%22background%22%3A%22%22%2C%22color%22%3A%22%22%7D"},{"data":"%7B%22icon%22%3A%22fa-steam%22%2C%22enable%22%3A%22%22%2C%22url%22%3A%22%22%2C%22background%22%3A%22%22%2C%22color%22%3A%22%22%7D"},{"data":"%7B%22icon%22%3A%22fa-steam-square%22%2C%22enable%22%3A%22%22%2C%22url%22%3A%22%22%2C%22background%22%3A%22%22%2C%22color%22%3A%22%22%7D"},{"data":"%7B%22icon%22%3A%22fa-stumbleupon%22%2C%22enable%22%3A%22%22%2C%22url%22%3A%22%22%2C%22background%22%3A%22%22%2C%22color%22%3A%22%22%7D"},{"data":"%7B%22icon%22%3A%22fa-stumbleupon-circle%22%2C%22enable%22%3A%22%22%2C%22url%22%3A%22%22%2C%22background%22%3A%22%22%2C%22color%22%3A%22%22%7D"},{"data":"%7B%22icon%22%3A%22fa-tencent-weibo%22%2C%22enable%22%3A%22%22%2C%22url%22%3A%22%22%2C%22background%22%3A%22%22%2C%22color%22%3A%22%22%7D"},{"data":"%7B%22icon%22%3A%22fa-trello%22%2C%22enable%22%3A%22%22%2C%22url%22%3A%22%22%2C%22background%22%3A%22%22%2C%22color%22%3A%22%22%7D"},{"data":"%7B%22icon%22%3A%22fa-tumblr%22%2C%22enable%22%3A%22%22%2C%22url%22%3A%22%22%2C%22background%22%3A%22%22%2C%22color%22%3A%22%22%7D"},{"data":"%7B%22icon%22%3A%22fa-tumblr-square%22%2C%22enable%22%3A%22%22%2C%22url%22%3A%22%22%2C%22background%22%3A%22%22%2C%22color%22%3A%22%22%7D"},{"data":"%7B%22icon%22%3A%22fa-twitter%22%2C%22enable%22%3A%22true%22%2C%22url%22%3A%22%22%2C%22background%22%3A%22%22%2C%22color%22%3A%22%22%7D"},{"data":"%7B%22icon%22%3A%22fa-twitter-square%22%2C%22enable%22%3A%22%22%2C%22url%22%3A%22%22%2C%22background%22%3A%22%22%2C%22color%22%3A%22%22%7D"},{"data":"%7B%22icon%22%3A%22fa-vimeo-square%22%2C%22enable%22%3A%22%22%2C%22url%22%3A%22%22%2C%22background%22%3A%22%22%2C%22color%22%3A%22%22%7D"},{"data":"%7B%22icon%22%3A%22fa-vine%22%2C%22enable%22%3A%22%22%2C%22url%22%3A%22%22%2C%22background%22%3A%22%22%2C%22color%22%3A%22%22%7D"},{"data":"%7B%22icon%22%3A%22fa-vk%22%2C%22enable%22%3A%22%22%2C%22url%22%3A%22%22%2C%22background%22%3A%22%22%2C%22color%22%3A%22%22%7D"},{"data":"%7B%22icon%22%3A%22fa-weibo%22%2C%22enable%22%3A%22%22%2C%22url%22%3A%22%22%2C%22background%22%3A%22%22%2C%22color%22%3A%22%22%7D"},{"data":"%7B%22icon%22%3A%22fa-weixin%22%2C%22enable%22%3A%22%22%2C%22url%22%3A%22%22%2C%22background%22%3A%22%22%2C%22color%22%3A%22%22%7D"},{"data":"%7B%22icon%22%3A%22fa-windows%22%2C%22enable%22%3A%22%22%2C%22url%22%3A%22%22%2C%22background%22%3A%22%22%2C%22color%22%3A%22%22%7D"},{"data":"%7B%22icon%22%3A%22fa-wordpress%22%2C%22enable%22%3A%22%22%2C%22url%22%3A%22%22%2C%22background%22%3A%22%22%2C%22color%22%3A%22%22%7D"},{"data":"%7B%22icon%22%3A%22fa-xing%22%2C%22enable%22%3A%22%22%2C%22url%22%3A%22%22%2C%22background%22%3A%22%22%2C%22color%22%3A%22%22%7D"},{"data":"%7B%22icon%22%3A%22fa-xing-square%22%2C%22enable%22%3A%22%22%2C%22url%22%3A%22%22%2C%22background%22%3A%22%22%2C%22color%22%3A%22%22%7D"},{"data":"%7B%22icon%22%3A%22fa-yahoo%22%2C%22enable%22%3A%22%22%2C%22url%22%3A%22%22%2C%22background%22%3A%22%22%2C%22color%22%3A%22%22%7D"},{"data":"%7B%22icon%22%3A%22fa-yelp%22%2C%22enable%22%3A%22%22%2C%22url%22%3A%22%22%2C%22background%22%3A%22%22%2C%22color%22%3A%22%22%7D"},{"data":"%7B%22icon%22%3A%22fa-youtube%22%2C%22enable%22%3A%22%22%2C%22url%22%3A%22%22%2C%22background%22%3A%22%22%2C%22color%22%3A%22%22%7D"},{"data":"%7B%22icon%22%3A%22fa-youtube-play%22%2C%22enable%22%3A%22%22%2C%22url%22%3A%22%22%2C%22background%22%3A%22%22%2C%22color%22%3A%22%22%7D"},{"data":"%7B%22icon%22%3A%22fa-youtube-square%22%2C%22enable%22%3A%22%22%2C%22url%22%3A%22%22%2C%22background%22%3A%22%22%2C%22color%22%3A%22%22%7D"}],"top_header_show_v5":"1","welcome_v5":"Welcome to Us","about_v5":"We are Best","email_title_v5":"e-mail us","email_v5":"e-mail us","address_title_v5":"Our Address","address_v5":"House 35 R\/A,Street","address2nd_v5":"Sydney Australia","phone_title_v5":"Call Us","phone_v5":"+357 984538","time_title_v5":"We are Open","open_time_v5":"Every day 9:00am -6:00pm","close_time_v5":"We are close Sunday","quote_show_v5":"1","quote_v5":"Get Quote","quote_link_v5":"#","button_show_v5":"1","button_v5":"Sing Up","button_link_v5":"#","login_show_v5":"1","login_v5":"Login","login_link_v5":"#","download_show_v5":"1","download_v5":"Download","download_link_v5":"#","header_social_show_v5":"1","socialtitle_v5":"Share","header_social_v5":[{"data":"%7B%22icon%22%3A%22fa-adn%22%2C%22enable%22%3A%22%22%2C%22url%22%3A%22%22%2C%22background%22%3A%22%22%2C%22color%22%3A%22%22%7D"},{"data":"%7B%22icon%22%3A%22fa-android%22%2C%22enable%22%3A%22%22%2C%22url%22%3A%22%22%2C%22background%22%3A%22%22%2C%22color%22%3A%22%22%7D"},{"data":"%7B%22icon%22%3A%22fa-apple%22%2C%22enable%22%3A%22%22%2C%22url%22%3A%22%22%2C%22background%22%3A%22%22%2C%22color%22%3A%22%22%7D"},{"data":"%7B%22icon%22%3A%22fa-behance%22%2C%22enable%22%3A%22%22%2C%22url%22%3A%22%22%2C%22background%22%3A%22%22%2C%22color%22%3A%22%22%7D"},{"data":"%7B%22icon%22%3A%22fa-behance-square%22%2C%22enable%22%3A%22%22%2C%22url%22%3A%22%22%2C%22background%22%3A%22%22%2C%22color%22%3A%22%22%7D"},{"data":"%7B%22icon%22%3A%22fa-bitbucket%22%2C%22enable%22%3A%22%22%2C%22url%22%3A%22%22%2C%22background%22%3A%22%22%2C%22color%22%3A%22%22%7D"},{"data":"%7B%22icon%22%3A%22fa-btc%22%2C%22enable%22%3A%22%22%2C%22url%22%3A%22%22%2C%22background%22%3A%22%22%2C%22color%22%3A%22%22%7D"},{"data":"%7B%22icon%22%3A%22fa-css3%22%2C%22enable%22%3A%22%22%2C%22url%22%3A%22%22%2C%22background%22%3A%22%22%2C%22color%22%3A%22%22%7D"},{"data":"%7B%22icon%22%3A%22fa-delicious%22%2C%22enable%22%3A%22%22%2C%22url%22%3A%22%22%2C%22background%22%3A%22%22%2C%22color%22%3A%22%22%7D"},{"data":"%7B%22icon%22%3A%22fa-deviantart%22%2C%22enable%22%3A%22%22%2C%22url%22%3A%22%22%2C%22background%22%3A%22%22%2C%22color%22%3A%22%22%7D"},{"data":"%7B%22icon%22%3A%22fa-dribbble%22%2C%22enable%22%3A%22%22%2C%22url%22%3A%22%22%2C%22background%22%3A%22%22%2C%22color%22%3A%22%22%7D"},{"data":"%7B%22icon%22%3A%22fa-dropbox%22%2C%22enable%22%3A%22%22%2C%22url%22%3A%22%22%2C%22background%22%3A%22%22%2C%22color%22%3A%22%22%7D"},{"data":"%7B%22icon%22%3A%22fa-drupal%22%2C%22enable%22%3A%22%22%2C%22url%22%3A%22%22%2C%22background%22%3A%22%22%2C%22color%22%3A%22%22%7D"},{"data":"%7B%22icon%22%3A%22fa-empire%22%2C%22enable%22%3A%22%22%2C%22url%22%3A%22%22%2C%22background%22%3A%22%22%2C%22color%22%3A%22%22%7D"},{"data":"%7B%22icon%22%3A%22fa-facebook%22%2C%22enable%22%3A%22%22%2C%22url%22%3A%22%22%2C%22background%22%3A%22%22%2C%22color%22%3A%22%22%7D"},{"data":"%7B%22icon%22%3A%22fa-foursquare%22%2C%22enable%22%3A%22%22%2C%22url%22%3A%22%22%2C%22background%22%3A%22%22%2C%22color%22%3A%22%22%7D"},{"data":"%7B%22icon%22%3A%22fa-git-square%22%2C%22enable%22%3A%22%22%2C%22url%22%3A%22%22%2C%22background%22%3A%22%22%2C%22color%22%3A%22%22%7D"},{"data":"%7B%22icon%22%3A%22fa-github%22%2C%22enable%22%3A%22%22%2C%22url%22%3A%22%22%2C%22background%22%3A%22%22%2C%22color%22%3A%22%22%7D"},{"data":"%7B%22icon%22%3A%22fa-github%22%2C%22enable%22%3A%22%22%2C%22url%22%3A%22%22%2C%22background%22%3A%22%22%2C%22color%22%3A%22%22%7D"},{"data":"%7B%22icon%22%3A%22fa-github-square%22%2C%22enable%22%3A%22%22%2C%22url%22%3A%22%22%2C%22background%22%3A%22%22%2C%22color%22%3A%22%22%7D"},{"data":"%7B%22icon%22%3A%22fa-gittip%22%2C%22enable%22%3A%22%22%2C%22url%22%3A%22%22%2C%22background%22%3A%22%22%2C%22color%22%3A%22%22%7D"},{"data":"%7B%22icon%22%3A%22fa-google%22%2C%22enable%22%3A%22%22%2C%22url%22%3A%22%22%2C%22background%22%3A%22%22%2C%22color%22%3A%22%22%7D"},{"data":"%7B%22icon%22%3A%22fa-google-plus%22%2C%22enable%22%3A%22%22%2C%22url%22%3A%22%22%2C%22background%22%3A%22%22%2C%22color%22%3A%22%22%7D"},{"data":"%7B%22icon%22%3A%22fa-google-plus-square%22%2C%22enable%22%3A%22%22%2C%22url%22%3A%22%22%2C%22background%22%3A%22%22%2C%22color%22%3A%22%22%7D"},{"data":"%7B%22icon%22%3A%22fa-hacker-news%22%2C%22enable%22%3A%22%22%2C%22url%22%3A%22%22%2C%22background%22%3A%22%22%2C%22color%22%3A%22%22%7D"},{"data":"%7B%22icon%22%3A%22fa-html5%22%2C%22enable%22%3A%22%22%2C%22url%22%3A%22%22%2C%22background%22%3A%22%22%2C%22color%22%3A%22%22%7D"},{"data":"%7B%22icon%22%3A%22fa-instagram%22%2C%22enable%22%3A%22%22%2C%22url%22%3A%22%22%2C%22background%22%3A%22%22%2C%22color%22%3A%22%22%7D"},{"data":"%7B%22icon%22%3A%22fa-joomla%22%2C%22enable%22%3A%22%22%2C%22url%22%3A%22%22%2C%22background%22%3A%22%22%2C%22color%22%3A%22%22%7D"},{"data":"%7B%22icon%22%3A%22fa-jsfiddle%22%2C%22enable%22%3A%22%22%2C%22url%22%3A%22%22%2C%22background%22%3A%22%22%2C%22color%22%3A%22%22%7D"},{"data":"%7B%22icon%22%3A%22fa-linkedin%22%2C%22enable%22%3A%22%22%2C%22url%22%3A%22%22%2C%22background%22%3A%22%22%2C%22color%22%3A%22%22%7D"},{"data":"%7B%22icon%22%3A%22fa-linkedin-square%22%2C%22enable%22%3A%22%22%2C%22url%22%3A%22%22%2C%22background%22%3A%22%22%2C%22color%22%3A%22%22%7D"},{"data":"%7B%22icon%22%3A%22fa-linux%22%2C%22enable%22%3A%22%22%2C%22url%22%3A%22%22%2C%22background%22%3A%22%22%2C%22color%22%3A%22%22%7D"},{"data":"%7B%22icon%22%3A%22fa-maxcdn%22%2C%22enable%22%3A%22%22%2C%22url%22%3A%22%22%2C%22background%22%3A%22%22%2C%22color%22%3A%22%22%7D"},{"data":"%7B%22icon%22%3A%22fa-openid%22%2C%22enable%22%3A%22%22%2C%22url%22%3A%22%22%2C%22background%22%3A%22%22%2C%22color%22%3A%22%22%7D"},{"data":"%7B%22icon%22%3A%22fa-pagelines%22%2C%22enable%22%3A%22%22%2C%22url%22%3A%22%22%2C%22background%22%3A%22%22%2C%22color%22%3A%22%22%7D"},{"data":"%7B%22icon%22%3A%22fa-pied-piper%22%2C%22enable%22%3A%22%22%2C%22url%22%3A%22%22%2C%22background%22%3A%22%22%2C%22color%22%3A%22%22%7D"},{"data":"%7B%22icon%22%3A%22fa-pinterest%22%2C%22enable%22%3A%22%22%2C%22url%22%3A%22%22%2C%22background%22%3A%22%22%2C%22color%22%3A%22%22%7D"},{"data":"%7B%22icon%22%3A%22fa-pinterest-square%22%2C%22enable%22%3A%22%22%2C%22url%22%3A%22%22%2C%22background%22%3A%22%22%2C%22color%22%3A%22%22%7D"},{"data":"%7B%22icon%22%3A%22fa-qq%22%2C%22enable%22%3A%22%22%2C%22url%22%3A%22%22%2C%22background%22%3A%22%22%2C%22color%22%3A%22%22%7D"},{"data":"%7B%22icon%22%3A%22fa-rebel%22%2C%22enable%22%3A%22%22%2C%22url%22%3A%22%22%2C%22background%22%3A%22%22%2C%22color%22%3A%22%22%7D"},{"data":"%7B%22icon%22%3A%22fa-reddit%22%2C%22enable%22%3A%22%22%2C%22url%22%3A%22%22%2C%22background%22%3A%22%22%2C%22color%22%3A%22%22%7D"},{"data":"%7B%22icon%22%3A%22fa-reddit-square%22%2C%22enable%22%3A%22%22%2C%22url%22%3A%22%22%2C%22background%22%3A%22%22%2C%22color%22%3A%22%22%7D"},{"data":"%7B%22icon%22%3A%22fa-renren%22%2C%22enable%22%3A%22%22%2C%22url%22%3A%22%22%2C%22background%22%3A%22%22%2C%22color%22%3A%22%22%7D"},{"data":"%7B%22icon%22%3A%22fa-share-alt%22%2C%22enable%22%3A%22%22%2C%22url%22%3A%22%22%2C%22background%22%3A%22%22%2C%22color%22%3A%22%22%7D"},{"data":"%7B%22icon%22%3A%22fa-share-alt-square%22%2C%22enable%22%3A%22%22%2C%22url%22%3A%22%22%2C%22background%22%3A%22%22%2C%22color%22%3A%22%22%7D"},{"data":"%7B%22icon%22%3A%22fa-skype%22%2C%22enable%22%3A%22%22%2C%22url%22%3A%22%22%2C%22background%22%3A%22%22%2C%22color%22%3A%22%22%7D"},{"data":"%7B%22icon%22%3A%22fa-slack%22%2C%22enable%22%3A%22%22%2C%22url%22%3A%22%22%2C%22background%22%3A%22%22%2C%22color%22%3A%22%22%7D"},{"data":"%7B%22icon%22%3A%22fa-soundcloud%22%2C%22enable%22%3A%22%22%2C%22url%22%3A%22%22%2C%22background%22%3A%22%22%2C%22color%22%3A%22%22%7D"},{"data":"%7B%22icon%22%3A%22fa-spotify%22%2C%22enable%22%3A%22%22%2C%22url%22%3A%22%22%2C%22background%22%3A%22%22%2C%22color%22%3A%22%22%7D"},{"data":"%7B%22icon%22%3A%22fa-stack-exchange%22%2C%22enable%22%3A%22%22%2C%22url%22%3A%22%22%2C%22background%22%3A%22%22%2C%22color%22%3A%22%22%7D"},{"data":"%7B%22icon%22%3A%22fa-stack-overflow%22%2C%22enable%22%3A%22%22%2C%22url%22%3A%22%22%2C%22background%22%3A%22%22%2C%22color%22%3A%22%22%7D"},{"data":"%7B%22icon%22%3A%22fa-steam%22%2C%22enable%22%3A%22%22%2C%22url%22%3A%22%22%2C%22background%22%3A%22%22%2C%22color%22%3A%22%22%7D"},{"data":"%7B%22icon%22%3A%22fa-steam-square%22%2C%22enable%22%3A%22%22%2C%22url%22%3A%22%22%2C%22background%22%3A%22%22%2C%22color%22%3A%22%22%7D"},{"data":"%7B%22icon%22%3A%22fa-stumbleupon%22%2C%22enable%22%3A%22%22%2C%22url%22%3A%22%22%2C%22background%22%3A%22%22%2C%22color%22%3A%22%22%7D"},{"data":"%7B%22icon%22%3A%22fa-stumbleupon-circle%22%2C%22enable%22%3A%22%22%2C%22url%22%3A%22%22%2C%22background%22%3A%22%22%2C%22color%22%3A%22%22%7D"},{"data":"%7B%22icon%22%3A%22fa-tencent-weibo%22%2C%22enable%22%3A%22%22%2C%22url%22%3A%22%22%2C%22background%22%3A%22%22%2C%22color%22%3A%22%22%7D"},{"data":"%7B%22icon%22%3A%22fa-trello%22%2C%22enable%22%3A%22%22%2C%22url%22%3A%22%22%2C%22background%22%3A%22%22%2C%22color%22%3A%22%22%7D"},{"data":"%7B%22icon%22%3A%22fa-tumblr%22%2C%22enable%22%3A%22%22%2C%22url%22%3A%22%22%2C%22background%22%3A%22%22%2C%22color%22%3A%22%22%7D"},{"data":"%7B%22icon%22%3A%22fa-tumblr-square%22%2C%22enable%22%3A%22%22%2C%22url%22%3A%22%22%2C%22background%22%3A%22%22%2C%22color%22%3A%22%22%7D"},{"data":"%7B%22icon%22%3A%22fa-twitter%22%2C%22enable%22%3A%22%22%2C%22url%22%3A%22%22%2C%22background%22%3A%22%22%2C%22color%22%3A%22%22%7D"},{"data":"%7B%22icon%22%3A%22fa-twitter-square%22%2C%22enable%22%3A%22%22%2C%22url%22%3A%22%22%2C%22background%22%3A%22%22%2C%22color%22%3A%22%22%7D"},{"data":"%7B%22icon%22%3A%22fa-vimeo-square%22%2C%22enable%22%3A%22%22%2C%22url%22%3A%22%22%2C%22background%22%3A%22%22%2C%22color%22%3A%22%22%7D"},{"data":"%7B%22icon%22%3A%22fa-vine%22%2C%22enable%22%3A%22%22%2C%22url%22%3A%22%22%2C%22background%22%3A%22%22%2C%22color%22%3A%22%22%7D"},{"data":"%7B%22icon%22%3A%22fa-vk%22%2C%22enable%22%3A%22%22%2C%22url%22%3A%22%22%2C%22background%22%3A%22%22%2C%22color%22%3A%22%22%7D"},{"data":"%7B%22icon%22%3A%22fa-weibo%22%2C%22enable%22%3A%22%22%2C%22url%22%3A%22%22%2C%22background%22%3A%22%22%2C%22color%22%3A%22%22%7D"},{"data":"%7B%22icon%22%3A%22fa-weixin%22%2C%22enable%22%3A%22%22%2C%22url%22%3A%22%22%2C%22background%22%3A%22%22%2C%22color%22%3A%22%22%7D"},{"data":"%7B%22icon%22%3A%22fa-windows%22%2C%22enable%22%3A%22%22%2C%22url%22%3A%22%22%2C%22background%22%3A%22%22%2C%22color%22%3A%22%22%7D"},{"data":"%7B%22icon%22%3A%22fa-wordpress%22%2C%22enable%22%3A%22%22%2C%22url%22%3A%22%22%2C%22background%22%3A%22%22%2C%22color%22%3A%22%22%7D"},{"data":"%7B%22icon%22%3A%22fa-xing%22%2C%22enable%22%3A%22%22%2C%22url%22%3A%22%22%2C%22background%22%3A%22%22%2C%22color%22%3A%22%22%7D"},{"data":"%7B%22icon%22%3A%22fa-xing-square%22%2C%22enable%22%3A%22%22%2C%22url%22%3A%22%22%2C%22background%22%3A%22%22%2C%22color%22%3A%22%22%7D"},{"data":"%7B%22icon%22%3A%22fa-yahoo%22%2C%22enable%22%3A%22%22%2C%22url%22%3A%22%22%2C%22background%22%3A%22%22%2C%22color%22%3A%22%22%7D"},{"data":"%7B%22icon%22%3A%22fa-yelp%22%2C%22enable%22%3A%22%22%2C%22url%22%3A%22%22%2C%22background%22%3A%22%22%2C%22color%22%3A%22%22%7D"},{"data":"%7B%22icon%22%3A%22fa-youtube%22%2C%22enable%22%3A%22%22%2C%22url%22%3A%22%22%2C%22background%22%3A%22%22%2C%22color%22%3A%22%22%7D"},{"data":"%7B%22icon%22%3A%22fa-youtube-play%22%2C%22enable%22%3A%22%22%2C%22url%22%3A%22%22%2C%22background%22%3A%22%22%2C%22color%22%3A%22%22%7D"},{"data":"%7B%22icon%22%3A%22fa-youtube-square%22%2C%22enable%22%3A%22%22%2C%22url%22%3A%22%22%2C%22background%22%3A%22%22%2C%22color%22%3A%22%22%7D"}],"shop_show_v5":"1","shop_link_v5":"#","header_search_show_v5":"1","search_text_v5":"Search...","footer_source_type":"e","footer_elementor_template":"58","footer_style_settings":"footer_v1","footer_menu":"dfadsfasdf","copyright_text":"dfasdfasdfsdaf","footer_v1_social_share":[{"data":"%7B%22icon%22%3A%22fa-adn%22%2C%22enable%22%3A%22%22%2C%22url%22%3A%22%22%2C%22background%22%3A%22%22%2C%22color%22%3A%22%22%7D"},{"data":"%7B%22icon%22%3A%22fa-android%22%2C%22enable%22%3A%22%22%2C%22url%22%3A%22%22%2C%22background%22%3A%22%22%2C%22color%22%3A%22%22%7D"},{"data":"%7B%22icon%22%3A%22fa-apple%22%2C%22enable%22%3A%22true%22%2C%22url%22%3A%22%22%2C%22background%22%3A%22%22%2C%22color%22%3A%22%22%7D"},{"data":"%7B%22icon%22%3A%22fa-behance%22%2C%22enable%22%3A%22true%22%2C%22url%22%3A%22%22%2C%22background%22%3A%22%22%2C%22color%22%3A%22%22%7D"},{"data":"%7B%22icon%22%3A%22fa-behance-square%22%2C%22enable%22%3A%22true%22%2C%22url%22%3A%22%22%2C%22background%22%3A%22%22%2C%22color%22%3A%22%22%7D"},{"data":"%7B%22icon%22%3A%22fa-bitbucket%22%2C%22enable%22%3A%22true%22%2C%22url%22%3A%22%22%2C%22background%22%3A%22%22%2C%22color%22%3A%22%22%7D"},{"data":"%7B%22icon%22%3A%22fa-btc%22%2C%22enable%22%3A%22%22%2C%22url%22%3A%22%22%2C%22background%22%3A%22%22%2C%22color%22%3A%22%22%7D"},{"data":"%7B%22icon%22%3A%22fa-css3%22%2C%22enable%22%3A%22%22%2C%22url%22%3A%22%22%2C%22background%22%3A%22%22%2C%22color%22%3A%22%22%7D"},{"data":"%7B%22icon%22%3A%22fa-delicious%22%2C%22enable%22%3A%22%22%2C%22url%22%3A%22%22%2C%22background%22%3A%22%22%2C%22color%22%3A%22%22%7D"},{"data":"%7B%22icon%22%3A%22fa-deviantart%22%2C%22enable%22%3A%22%22%2C%22url%22%3A%22%22%2C%22background%22%3A%22%22%2C%22color%22%3A%22%22%7D"},{"data":"%7B%22icon%22%3A%22fa-dribbble%22%2C%22enable%22%3A%22%22%2C%22url%22%3A%22%22%2C%22background%22%3A%22%22%2C%22color%22%3A%22%22%7D"},{"data":"%7B%22icon%22%3A%22fa-dropbox%22%2C%22enable%22%3A%22%22%2C%22url%22%3A%22%22%2C%22background%22%3A%22%22%2C%22color%22%3A%22%22%7D"},{"data":"%7B%22icon%22%3A%22fa-drupal%22%2C%22enable%22%3A%22%22%2C%22url%22%3A%22%22%2C%22background%22%3A%22%22%2C%22color%22%3A%22%22%7D"},{"data":"%7B%22icon%22%3A%22fa-empire%22%2C%22enable%22%3A%22%22%2C%22url%22%3A%22%22%2C%22background%22%3A%22%22%2C%22color%22%3A%22%22%7D"},{"data":"%7B%22icon%22%3A%22fa-facebook%22%2C%22enable%22%3A%22%22%2C%22url%22%3A%22%22%2C%22background%22%3A%22%22%2C%22color%22%3A%22%22%7D"},{"data":"%7B%22icon%22%3A%22fa-foursquare%22%2C%22enable%22%3A%22%22%2C%22url%22%3A%22%22%2C%22background%22%3A%22%22%2C%22color%22%3A%22%22%7D"},{"data":"%7B%22icon%22%3A%22fa-git-square%22%2C%22enable%22%3A%22%22%2C%22url%22%3A%22%22%2C%22background%22%3A%22%22%2C%22color%22%3A%22%22%7D"},{"data":"%7B%22icon%22%3A%22fa-github%22%2C%22enable%22%3A%22%22%2C%22url%22%3A%22%22%2C%22background%22%3A%22%22%2C%22color%22%3A%22%22%7D"},{"data":"%7B%22icon%22%3A%22fa-github%22%2C%22enable%22%3A%22%22%2C%22url%22%3A%22%22%2C%22background%22%3A%22%22%2C%22color%22%3A%22%22%7D"},{"data":"%7B%22icon%22%3A%22fa-github-square%22%2C%22enable%22%3A%22%22%2C%22url%22%3A%22%22%2C%22background%22%3A%22%22%2C%22color%22%3A%22%22%7D"},{"data":"%7B%22icon%22%3A%22fa-gittip%22%2C%22enable%22%3A%22%22%2C%22url%22%3A%22%22%2C%22background%22%3A%22%22%2C%22color%22%3A%22%22%7D"},{"data":"%7B%22icon%22%3A%22fa-google%22%2C%22enable%22%3A%22%22%2C%22url%22%3A%22%22%2C%22background%22%3A%22%22%2C%22color%22%3A%22%22%7D"},{"data":"%7B%22icon%22%3A%22fa-google-plus%22%2C%22enable%22%3A%22%22%2C%22url%22%3A%22%22%2C%22background%22%3A%22%22%2C%22color%22%3A%22%22%7D"},{"data":"%7B%22icon%22%3A%22fa-google-plus-square%22%2C%22enable%22%3A%22%22%2C%22url%22%3A%22%22%2C%22background%22%3A%22%22%2C%22color%22%3A%22%22%7D"},{"data":"%7B%22icon%22%3A%22fa-hacker-news%22%2C%22enable%22%3A%22%22%2C%22url%22%3A%22%22%2C%22background%22%3A%22%22%2C%22color%22%3A%22%22%7D"},{"data":"%7B%22icon%22%3A%22fa-html5%22%2C%22enable%22%3A%22%22%2C%22url%22%3A%22%22%2C%22background%22%3A%22%22%2C%22color%22%3A%22%22%7D"},{"data":"%7B%22icon%22%3A%22fa-instagram%22%2C%22enable%22%3A%22%22%2C%22url%22%3A%22%22%2C%22background%22%3A%22%22%2C%22color%22%3A%22%22%7D"},{"data":"%7B%22icon%22%3A%22fa-joomla%22%2C%22enable%22%3A%22%22%2C%22url%22%3A%22%22%2C%22background%22%3A%22%22%2C%22color%22%3A%22%22%7D"},{"data":"%7B%22icon%22%3A%22fa-jsfiddle%22%2C%22enable%22%3A%22%22%2C%22url%22%3A%22%22%2C%22background%22%3A%22%22%2C%22color%22%3A%22%22%7D"},{"data":"%7B%22icon%22%3A%22fa-linkedin%22%2C%22enable%22%3A%22%22%2C%22url%22%3A%22%22%2C%22background%22%3A%22%22%2C%22color%22%3A%22%22%7D"},{"data":"%7B%22icon%22%3A%22fa-linkedin-square%22%2C%22enable%22%3A%22%22%2C%22url%22%3A%22%22%2C%22background%22%3A%22%22%2C%22color%22%3A%22%22%7D"},{"data":"%7B%22icon%22%3A%22fa-linux%22%2C%22enable%22%3A%22%22%2C%22url%22%3A%22%22%2C%22background%22%3A%22%22%2C%22color%22%3A%22%22%7D"},{"data":"%7B%22icon%22%3A%22fa-maxcdn%22%2C%22enable%22%3A%22%22%2C%22url%22%3A%22%22%2C%22background%22%3A%22%22%2C%22color%22%3A%22%22%7D"},{"data":"%7B%22icon%22%3A%22fa-openid%22%2C%22enable%22%3A%22%22%2C%22url%22%3A%22%22%2C%22background%22%3A%22%22%2C%22color%22%3A%22%22%7D"},{"data":"%7B%22icon%22%3A%22fa-pagelines%22%2C%22enable%22%3A%22%22%2C%22url%22%3A%22%22%2C%22background%22%3A%22%22%2C%22color%22%3A%22%22%7D"},{"data":"%7B%22icon%22%3A%22fa-pied-piper%22%2C%22enable%22%3A%22%22%2C%22url%22%3A%22%22%2C%22background%22%3A%22%22%2C%22color%22%3A%22%22%7D"},{"data":"%7B%22icon%22%3A%22fa-pinterest%22%2C%22enable%22%3A%22%22%2C%22url%22%3A%22%22%2C%22background%22%3A%22%22%2C%22color%22%3A%22%22%7D"},{"data":"%7B%22icon%22%3A%22fa-pinterest-square%22%2C%22enable%22%3A%22%22%2C%22url%22%3A%22%22%2C%22background%22%3A%22%22%2C%22color%22%3A%22%22%7D"},{"data":"%7B%22icon%22%3A%22fa-qq%22%2C%22enable%22%3A%22%22%2C%22url%22%3A%22%22%2C%22background%22%3A%22%22%2C%22color%22%3A%22%22%7D"},{"data":"%7B%22icon%22%3A%22fa-rebel%22%2C%22enable%22%3A%22%22%2C%22url%22%3A%22%22%2C%22background%22%3A%22%22%2C%22color%22%3A%22%22%7D"},{"data":"%7B%22icon%22%3A%22fa-reddit%22%2C%22enable%22%3A%22%22%2C%22url%22%3A%22%22%2C%22background%22%3A%22%22%2C%22color%22%3A%22%22%7D"},{"data":"%7B%22icon%22%3A%22fa-reddit-square%22%2C%22enable%22%3A%22%22%2C%22url%22%3A%22%22%2C%22background%22%3A%22%22%2C%22color%22%3A%22%22%7D"},{"data":"%7B%22icon%22%3A%22fa-renren%22%2C%22enable%22%3A%22%22%2C%22url%22%3A%22%22%2C%22background%22%3A%22%22%2C%22color%22%3A%22%22%7D"},{"data":"%7B%22icon%22%3A%22fa-share-alt%22%2C%22enable%22%3A%22%22%2C%22url%22%3A%22%22%2C%22background%22%3A%22%22%2C%22color%22%3A%22%22%7D"},{"data":"%7B%22icon%22%3A%22fa-share-alt-square%22%2C%22enable%22%3A%22%22%2C%22url%22%3A%22%22%2C%22background%22%3A%22%22%2C%22color%22%3A%22%22%7D"},{"data":"%7B%22icon%22%3A%22fa-skype%22%2C%22enable%22%3A%22%22%2C%22url%22%3A%22%22%2C%22background%22%3A%22%22%2C%22color%22%3A%22%22%7D"},{"data":"%7B%22icon%22%3A%22fa-slack%22%2C%22enable%22%3A%22%22%2C%22url%22%3A%22%22%2C%22background%22%3A%22%22%2C%22color%22%3A%22%22%7D"},{"data":"%7B%22icon%22%3A%22fa-soundcloud%22%2C%22enable%22%3A%22%22%2C%22url%22%3A%22%22%2C%22background%22%3A%22%22%2C%22color%22%3A%22%22%7D"},{"data":"%7B%22icon%22%3A%22fa-spotify%22%2C%22enable%22%3A%22%22%2C%22url%22%3A%22%22%2C%22background%22%3A%22%22%2C%22color%22%3A%22%22%7D"},{"data":"%7B%22icon%22%3A%22fa-stack-exchange%22%2C%22enable%22%3A%22%22%2C%22url%22%3A%22%22%2C%22background%22%3A%22%22%2C%22color%22%3A%22%22%7D"},{"data":"%7B%22icon%22%3A%22fa-stack-overflow%22%2C%22enable%22%3A%22%22%2C%22url%22%3A%22%22%2C%22background%22%3A%22%22%2C%22color%22%3A%22%22%7D"},{"data":"%7B%22icon%22%3A%22fa-steam%22%2C%22enable%22%3A%22%22%2C%22url%22%3A%22%22%2C%22background%22%3A%22%22%2C%22color%22%3A%22%22%7D"},{"data":"%7B%22icon%22%3A%22fa-steam-square%22%2C%22enable%22%3A%22%22%2C%22url%22%3A%22%22%2C%22background%22%3A%22%22%2C%22color%22%3A%22%22%7D"},{"data":"%7B%22icon%22%3A%22fa-stumbleupon%22%2C%22enable%22%3A%22%22%2C%22url%22%3A%22%22%2C%22background%22%3A%22%22%2C%22color%22%3A%22%22%7D"},{"data":"%7B%22icon%22%3A%22fa-stumbleupon-circle%22%2C%22enable%22%3A%22%22%2C%22url%22%3A%22%22%2C%22background%22%3A%22%22%2C%22color%22%3A%22%22%7D"},{"data":"%7B%22icon%22%3A%22fa-tencent-weibo%22%2C%22enable%22%3A%22%22%2C%22url%22%3A%22%22%2C%22background%22%3A%22%22%2C%22color%22%3A%22%22%7D"},{"data":"%7B%22icon%22%3A%22fa-trello%22%2C%22enable%22%3A%22%22%2C%22url%22%3A%22%22%2C%22background%22%3A%22%22%2C%22color%22%3A%22%22%7D"},{"data":"%7B%22icon%22%3A%22fa-tumblr%22%2C%22enable%22%3A%22%22%2C%22url%22%3A%22%22%2C%22background%22%3A%22%22%2C%22color%22%3A%22%22%7D"},{"data":"%7B%22icon%22%3A%22fa-tumblr-square%22%2C%22enable%22%3A%22%22%2C%22url%22%3A%22%22%2C%22background%22%3A%22%22%2C%22color%22%3A%22%22%7D"},{"data":"%7B%22icon%22%3A%22fa-twitter%22%2C%22enable%22%3A%22%22%2C%22url%22%3A%22%22%2C%22background%22%3A%22%22%2C%22color%22%3A%22%22%7D"},{"data":"%7B%22icon%22%3A%22fa-twitter-square%22%2C%22enable%22%3A%22%22%2C%22url%22%3A%22%22%2C%22background%22%3A%22%22%2C%22color%22%3A%22%22%7D"},{"data":"%7B%22icon%22%3A%22fa-vimeo-square%22%2C%22enable%22%3A%22%22%2C%22url%22%3A%22%22%2C%22background%22%3A%22%22%2C%22color%22%3A%22%22%7D"},{"data":"%7B%22icon%22%3A%22fa-vine%22%2C%22enable%22%3A%22%22%2C%22url%22%3A%22%22%2C%22background%22%3A%22%22%2C%22color%22%3A%22%22%7D"},{"data":"%7B%22icon%22%3A%22fa-vk%22%2C%22enable%22%3A%22%22%2C%22url%22%3A%22%22%2C%22background%22%3A%22%22%2C%22color%22%3A%22%22%7D"},{"data":"%7B%22icon%22%3A%22fa-weibo%22%2C%22enable%22%3A%22%22%2C%22url%22%3A%22%22%2C%22background%22%3A%22%22%2C%22color%22%3A%22%22%7D"},{"data":"%7B%22icon%22%3A%22fa-weixin%22%2C%22enable%22%3A%22%22%2C%22url%22%3A%22%22%2C%22background%22%3A%22%22%2C%22color%22%3A%22%22%7D"},{"data":"%7B%22icon%22%3A%22fa-windows%22%2C%22enable%22%3A%22%22%2C%22url%22%3A%22%22%2C%22background%22%3A%22%22%2C%22color%22%3A%22%22%7D"},{"data":"%7B%22icon%22%3A%22fa-wordpress%22%2C%22enable%22%3A%22%22%2C%22url%22%3A%22%22%2C%22background%22%3A%22%22%2C%22color%22%3A%22%22%7D"},{"data":"%7B%22icon%22%3A%22fa-xing%22%2C%22enable%22%3A%22%22%2C%22url%22%3A%22%22%2C%22background%22%3A%22%22%2C%22color%22%3A%22%22%7D"},{"data":"%7B%22icon%22%3A%22fa-xing-square%22%2C%22enable%22%3A%22%22%2C%22url%22%3A%22%22%2C%22background%22%3A%22%22%2C%22color%22%3A%22%22%7D"},{"data":"%7B%22icon%22%3A%22fa-yahoo%22%2C%22enable%22%3A%22%22%2C%22url%22%3A%22%22%2C%22background%22%3A%22%22%2C%22color%22%3A%22%22%7D"},{"data":"%7B%22icon%22%3A%22fa-yelp%22%2C%22enable%22%3A%22%22%2C%22url%22%3A%22%22%2C%22background%22%3A%22%22%2C%22color%22%3A%22%22%7D"},{"data":"%7B%22icon%22%3A%22fa-youtube%22%2C%22enable%22%3A%22%22%2C%22url%22%3A%22%22%2C%22background%22%3A%22%22%2C%22color%22%3A%22%22%7D"},{"data":"%7B%22icon%22%3A%22fa-youtube-play%22%2C%22enable%22%3A%22%22%2C%22url%22%3A%22%22%2C%22background%22%3A%22%22%2C%22color%22%3A%22%22%7D"},{"data":"%7B%22icon%22%3A%22fa-youtube-square%22%2C%22enable%22%3A%22%22%2C%22url%22%3A%22%22%2C%22background%22%3A%22%22%2C%22color%22%3A%22%22%7D"}],"footer_bg_img":{"url":"","id":"","height":"","width":"","thumbnail":""},"copyright_text2":"","footer_menu_2":"","footer_bg_img_2":{"url":"","id":"","height":"","width":"","thumbnail":""},"copyright_text_3":"","footer_menu_3":"","footer_v3_social_share":[{"data":"%7B%22icon%22%3A%22fa-adn%22%2C%22enable%22%3A%22%22%2C%22url%22%3A%22%22%2C%22background%22%3A%22%22%2C%22color%22%3A%22%22%7D"},{"data":"%7B%22icon%22%3A%22fa-android%22%2C%22enable%22%3A%22%22%2C%22url%22%3A%22%22%2C%22background%22%3A%22%22%2C%22color%22%3A%22%22%7D"},{"data":"%7B%22icon%22%3A%22fa-apple%22%2C%22enable%22%3A%22%22%2C%22url%22%3A%22%22%2C%22background%22%3A%22%22%2C%22color%22%3A%22%22%7D"},{"data":"%7B%22icon%22%3A%22fa-behance%22%2C%22enable%22%3A%22%22%2C%22url%22%3A%22%22%2C%22background%22%3A%22%22%2C%22color%22%3A%22%22%7D"},{"data":"%7B%22icon%22%3A%22fa-behance-square%22%2C%22enable%22%3A%22%22%2C%22url%22%3A%22%22%2C%22background%22%3A%22%22%2C%22color%22%3A%22%22%7D"},{"data":"%7B%22icon%22%3A%22fa-bitbucket%22%2C%22enable%22%3A%22%22%2C%22url%22%3A%22%22%2C%22background%22%3A%22%22%2C%22color%22%3A%22%22%7D"},{"data":"%7B%22icon%22%3A%22fa-btc%22%2C%22enable%22%3A%22%22%2C%22url%22%3A%22%22%2C%22background%22%3A%22%22%2C%22color%22%3A%22%22%7D"},{"data":"%7B%22icon%22%3A%22fa-css3%22%2C%22enable%22%3A%22%22%2C%22url%22%3A%22%22%2C%22background%22%3A%22%22%2C%22color%22%3A%22%22%7D"},{"data":"%7B%22icon%22%3A%22fa-delicious%22%2C%22enable%22%3A%22%22%2C%22url%22%3A%22%22%2C%22background%22%3A%22%22%2C%22color%22%3A%22%22%7D"},{"data":"%7B%22icon%22%3A%22fa-deviantart%22%2C%22enable%22%3A%22%22%2C%22url%22%3A%22%22%2C%22background%22%3A%22%22%2C%22color%22%3A%22%22%7D"},{"data":"%7B%22icon%22%3A%22fa-dribbble%22%2C%22enable%22%3A%22%22%2C%22url%22%3A%22%22%2C%22background%22%3A%22%22%2C%22color%22%3A%22%22%7D"},{"data":"%7B%22icon%22%3A%22fa-dropbox%22%2C%22enable%22%3A%22%22%2C%22url%22%3A%22%22%2C%22background%22%3A%22%22%2C%22color%22%3A%22%22%7D"},{"data":"%7B%22icon%22%3A%22fa-drupal%22%2C%22enable%22%3A%22%22%2C%22url%22%3A%22%22%2C%22background%22%3A%22%22%2C%22color%22%3A%22%22%7D"},{"data":"%7B%22icon%22%3A%22fa-empire%22%2C%22enable%22%3A%22%22%2C%22url%22%3A%22%22%2C%22background%22%3A%22%22%2C%22color%22%3A%22%22%7D"},{"data":"%7B%22icon%22%3A%22fa-facebook%22%2C%22enable%22%3A%22%22%2C%22url%22%3A%22%22%2C%22background%22%3A%22%22%2C%22color%22%3A%22%22%7D"},{"data":"%7B%22icon%22%3A%22fa-foursquare%22%2C%22enable%22%3A%22%22%2C%22url%22%3A%22%22%2C%22background%22%3A%22%22%2C%22color%22%3A%22%22%7D"},{"data":"%7B%22icon%22%3A%22fa-git-square%22%2C%22enable%22%3A%22%22%2C%22url%22%3A%22%22%2C%22background%22%3A%22%22%2C%22color%22%3A%22%22%7D"},{"data":"%7B%22icon%22%3A%22fa-github%22%2C%22enable%22%3A%22%22%2C%22url%22%3A%22%22%2C%22background%22%3A%22%22%2C%22color%22%3A%22%22%7D"},{"data":"%7B%22icon%22%3A%22fa-github%22%2C%22enable%22%3A%22%22%2C%22url%22%3A%22%22%2C%22background%22%3A%22%22%2C%22color%22%3A%22%22%7D"},{"data":"%7B%22icon%22%3A%22fa-github-square%22%2C%22enable%22%3A%22%22%2C%22url%22%3A%22%22%2C%22background%22%3A%22%22%2C%22color%22%3A%22%22%7D"},{"data":"%7B%22icon%22%3A%22fa-gittip%22%2C%22enable%22%3A%22%22%2C%22url%22%3A%22%22%2C%22background%22%3A%22%22%2C%22color%22%3A%22%22%7D"},{"data":"%7B%22icon%22%3A%22fa-google%22%2C%22enable%22%3A%22%22%2C%22url%22%3A%22%22%2C%22background%22%3A%22%22%2C%22color%22%3A%22%22%7D"},{"data":"%7B%22icon%22%3A%22fa-google-plus%22%2C%22enable%22%3A%22%22%2C%22url%22%3A%22%22%2C%22background%22%3A%22%22%2C%22color%22%3A%22%22%7D"},{"data":"%7B%22icon%22%3A%22fa-google-plus-square%22%2C%22enable%22%3A%22%22%2C%22url%22%3A%22%22%2C%22background%22%3A%22%22%2C%22color%22%3A%22%22%7D"},{"data":"%7B%22icon%22%3A%22fa-hacker-news%22%2C%22enable%22%3A%22%22%2C%22url%22%3A%22%22%2C%22background%22%3A%22%22%2C%22color%22%3A%22%22%7D"},{"data":"%7B%22icon%22%3A%22fa-html5%22%2C%22enable%22%3A%22%22%2C%22url%22%3A%22%22%2C%22background%22%3A%22%22%2C%22color%22%3A%22%22%7D"},{"data":"%7B%22icon%22%3A%22fa-instagram%22%2C%22enable%22%3A%22%22%2C%22url%22%3A%22%22%2C%22background%22%3A%22%22%2C%22color%22%3A%22%22%7D"},{"data":"%7B%22icon%22%3A%22fa-joomla%22%2C%22enable%22%3A%22%22%2C%22url%22%3A%22%22%2C%22background%22%3A%22%22%2C%22color%22%3A%22%22%7D"},{"data":"%7B%22icon%22%3A%22fa-jsfiddle%22%2C%22enable%22%3A%22%22%2C%22url%22%3A%22%22%2C%22background%22%3A%22%22%2C%22color%22%3A%22%22%7D"},{"data":"%7B%22icon%22%3A%22fa-linkedin%22%2C%22enable%22%3A%22%22%2C%22url%22%3A%22%22%2C%22background%22%3A%22%22%2C%22color%22%3A%22%22%7D"},{"data":"%7B%22icon%22%3A%22fa-linkedin-square%22%2C%22enable%22%3A%22%22%2C%22url%22%3A%22%22%2C%22background%22%3A%22%22%2C%22color%22%3A%22%22%7D"},{"data":"%7B%22icon%22%3A%22fa-linux%22%2C%22enable%22%3A%22%22%2C%22url%22%3A%22%22%2C%22background%22%3A%22%22%2C%22color%22%3A%22%22%7D"},{"data":"%7B%22icon%22%3A%22fa-maxcdn%22%2C%22enable%22%3A%22%22%2C%22url%22%3A%22%22%2C%22background%22%3A%22%22%2C%22color%22%3A%22%22%7D"},{"data":"%7B%22icon%22%3A%22fa-openid%22%2C%22enable%22%3A%22%22%2C%22url%22%3A%22%22%2C%22background%22%3A%22%22%2C%22color%22%3A%22%22%7D"},{"data":"%7B%22icon%22%3A%22fa-pagelines%22%2C%22enable%22%3A%22%22%2C%22url%22%3A%22%22%2C%22background%22%3A%22%22%2C%22color%22%3A%22%22%7D"},{"data":"%7B%22icon%22%3A%22fa-pied-piper%22%2C%22enable%22%3A%22%22%2C%22url%22%3A%22%22%2C%22background%22%3A%22%22%2C%22color%22%3A%22%22%7D"},{"data":"%7B%22icon%22%3A%22fa-pinterest%22%2C%22enable%22%3A%22%22%2C%22url%22%3A%22%22%2C%22background%22%3A%22%22%2C%22color%22%3A%22%22%7D"},{"data":"%7B%22icon%22%3A%22fa-pinterest-square%22%2C%22enable%22%3A%22%22%2C%22url%22%3A%22%22%2C%22background%22%3A%22%22%2C%22color%22%3A%22%22%7D"},{"data":"%7B%22icon%22%3A%22fa-qq%22%2C%22enable%22%3A%22%22%2C%22url%22%3A%22%22%2C%22background%22%3A%22%22%2C%22color%22%3A%22%22%7D"},{"data":"%7B%22icon%22%3A%22fa-rebel%22%2C%22enable%22%3A%22%22%2C%22url%22%3A%22%22%2C%22background%22%3A%22%22%2C%22color%22%3A%22%22%7D"},{"data":"%7B%22icon%22%3A%22fa-reddit%22%2C%22enable%22%3A%22%22%2C%22url%22%3A%22%22%2C%22background%22%3A%22%22%2C%22color%22%3A%22%22%7D"},{"data":"%7B%22icon%22%3A%22fa-reddit-square%22%2C%22enable%22%3A%22%22%2C%22url%22%3A%22%22%2C%22background%22%3A%22%22%2C%22color%22%3A%22%22%7D"},{"data":"%7B%22icon%22%3A%22fa-renren%22%2C%22enable%22%3A%22%22%2C%22url%22%3A%22%22%2C%22background%22%3A%22%22%2C%22color%22%3A%22%22%7D"},{"data":"%7B%22icon%22%3A%22fa-share-alt%22%2C%22enable%22%3A%22%22%2C%22url%22%3A%22%22%2C%22background%22%3A%22%22%2C%22color%22%3A%22%22%7D"},{"data":"%7B%22icon%22%3A%22fa-share-alt-square%22%2C%22enable%22%3A%22%22%2C%22url%22%3A%22%22%2C%22background%22%3A%22%22%2C%22color%22%3A%22%22%7D"},{"data":"%7B%22icon%22%3A%22fa-skype%22%2C%22enable%22%3A%22%22%2C%22url%22%3A%22%22%2C%22background%22%3A%22%22%2C%22color%22%3A%22%22%7D"},{"data":"%7B%22icon%22%3A%22fa-slack%22%2C%22enable%22%3A%22%22%2C%22url%22%3A%22%22%2C%22background%22%3A%22%22%2C%22color%22%3A%22%22%7D"},{"data":"%7B%22icon%22%3A%22fa-soundcloud%22%2C%22enable%22%3A%22%22%2C%22url%22%3A%22%22%2C%22background%22%3A%22%22%2C%22color%22%3A%22%22%7D"},{"data":"%7B%22icon%22%3A%22fa-spotify%22%2C%22enable%22%3A%22%22%2C%22url%22%3A%22%22%2C%22background%22%3A%22%22%2C%22color%22%3A%22%22%7D"},{"data":"%7B%22icon%22%3A%22fa-stack-exchange%22%2C%22enable%22%3A%22%22%2C%22url%22%3A%22%22%2C%22background%22%3A%22%22%2C%22color%22%3A%22%22%7D"},{"data":"%7B%22icon%22%3A%22fa-stack-overflow%22%2C%22enable%22%3A%22%22%2C%22url%22%3A%22%22%2C%22background%22%3A%22%22%2C%22color%22%3A%22%22%7D"},{"data":"%7B%22icon%22%3A%22fa-steam%22%2C%22enable%22%3A%22%22%2C%22url%22%3A%22%22%2C%22background%22%3A%22%22%2C%22color%22%3A%22%22%7D"},{"data":"%7B%22icon%22%3A%22fa-steam-square%22%2C%22enable%22%3A%22%22%2C%22url%22%3A%22%22%2C%22background%22%3A%22%22%2C%22color%22%3A%22%22%7D"},{"data":"%7B%22icon%22%3A%22fa-stumbleupon%22%2C%22enable%22%3A%22%22%2C%22url%22%3A%22%22%2C%22background%22%3A%22%22%2C%22color%22%3A%22%22%7D"},{"data":"%7B%22icon%22%3A%22fa-stumbleupon-circle%22%2C%22enable%22%3A%22%22%2C%22url%22%3A%22%22%2C%22background%22%3A%22%22%2C%22color%22%3A%22%22%7D"},{"data":"%7B%22icon%22%3A%22fa-tencent-weibo%22%2C%22enable%22%3A%22%22%2C%22url%22%3A%22%22%2C%22background%22%3A%22%22%2C%22color%22%3A%22%22%7D"},{"data":"%7B%22icon%22%3A%22fa-trello%22%2C%22enable%22%3A%22%22%2C%22url%22%3A%22%22%2C%22background%22%3A%22%22%2C%22color%22%3A%22%22%7D"},{"data":"%7B%22icon%22%3A%22fa-tumblr%22%2C%22enable%22%3A%22%22%2C%22url%22%3A%22%22%2C%22background%22%3A%22%22%2C%22color%22%3A%22%22%7D"},{"data":"%7B%22icon%22%3A%22fa-tumblr-square%22%2C%22enable%22%3A%22%22%2C%22url%22%3A%22%22%2C%22background%22%3A%22%22%2C%22color%22%3A%22%22%7D"},{"data":"%7B%22icon%22%3A%22fa-twitter%22%2C%22enable%22%3A%22%22%2C%22url%22%3A%22%22%2C%22background%22%3A%22%22%2C%22color%22%3A%22%22%7D"},{"data":"%7B%22icon%22%3A%22fa-twitter-square%22%2C%22enable%22%3A%22%22%2C%22url%22%3A%22%22%2C%22background%22%3A%22%22%2C%22color%22%3A%22%22%7D"},{"data":"%7B%22icon%22%3A%22fa-vimeo-square%22%2C%22enable%22%3A%22%22%2C%22url%22%3A%22%22%2C%22background%22%3A%22%22%2C%22color%22%3A%22%22%7D"},{"data":"%7B%22icon%22%3A%22fa-vine%22%2C%22enable%22%3A%22%22%2C%22url%22%3A%22%22%2C%22background%22%3A%22%22%2C%22color%22%3A%22%22%7D"},{"data":"%7B%22icon%22%3A%22fa-vk%22%2C%22enable%22%3A%22%22%2C%22url%22%3A%22%22%2C%22background%22%3A%22%22%2C%22color%22%3A%22%22%7D"},{"data":"%7B%22icon%22%3A%22fa-weibo%22%2C%22enable%22%3A%22%22%2C%22url%22%3A%22%22%2C%22background%22%3A%22%22%2C%22color%22%3A%22%22%7D"},{"data":"%7B%22icon%22%3A%22fa-weixin%22%2C%22enable%22%3A%22%22%2C%22url%22%3A%22%22%2C%22background%22%3A%22%22%2C%22color%22%3A%22%22%7D"},{"data":"%7B%22icon%22%3A%22fa-windows%22%2C%22enable%22%3A%22%22%2C%22url%22%3A%22%22%2C%22background%22%3A%22%22%2C%22color%22%3A%22%22%7D"},{"data":"%7B%22icon%22%3A%22fa-wordpress%22%2C%22enable%22%3A%22%22%2C%22url%22%3A%22%22%2C%22background%22%3A%22%22%2C%22color%22%3A%22%22%7D"},{"data":"%7B%22icon%22%3A%22fa-xing%22%2C%22enable%22%3A%22%22%2C%22url%22%3A%22%22%2C%22background%22%3A%22%22%2C%22color%22%3A%22%22%7D"},{"data":"%7B%22icon%22%3A%22fa-xing-square%22%2C%22enable%22%3A%22%22%2C%22url%22%3A%22%22%2C%22background%22%3A%22%22%2C%22color%22%3A%22%22%7D"},{"data":"%7B%22icon%22%3A%22fa-yahoo%22%2C%22enable%22%3A%22%22%2C%22url%22%3A%22%22%2C%22background%22%3A%22%22%2C%22color%22%3A%22%22%7D"},{"data":"%7B%22icon%22%3A%22fa-yelp%22%2C%22enable%22%3A%22%22%2C%22url%22%3A%22%22%2C%22background%22%3A%22%22%2C%22color%22%3A%22%22%7D"},{"data":"%7B%22icon%22%3A%22fa-youtube%22%2C%22enable%22%3A%22%22%2C%22url%22%3A%22%22%2C%22background%22%3A%22%22%2C%22color%22%3A%22%22%7D"},{"data":"%7B%22icon%22%3A%22fa-youtube-play%22%2C%22enable%22%3A%22%22%2C%22url%22%3A%22%22%2C%22background%22%3A%22%22%2C%22color%22%3A%22%22%7D"},{"data":"%7B%22icon%22%3A%22fa-youtube-square%22%2C%22enable%22%3A%22%22%2C%22url%22%3A%22%22%2C%22background%22%3A%22%22%2C%22color%22%3A%22%22%7D"}],"bg_image_3":{"url":"","id":"","height":"","width":"","thumbnail":""},"footer_menu_4":"","bg_image_4":{"url":"","id":"","height":"","width":"","thumbnail":""},"copyright_text5":"","footer_menu_5":"","footer_menu6":"","copyright_text6":"","footer_v6_social_share":[{"data":"%7B%22icon%22%3A%22fa-adn%22%2C%22enable%22%3A%22%22%2C%22url%22%3A%22%22%2C%22background%22%3A%22%22%2C%22color%22%3A%22%22%7D"},{"data":"%7B%22icon%22%3A%22fa-android%22%2C%22enable%22%3A%22%22%2C%22url%22%3A%22%22%2C%22background%22%3A%22%22%2C%22color%22%3A%22%22%7D"},{"data":"%7B%22icon%22%3A%22fa-apple%22%2C%22enable%22%3A%22%22%2C%22url%22%3A%22%22%2C%22background%22%3A%22%22%2C%22color%22%3A%22%22%7D"},{"data":"%7B%22icon%22%3A%22fa-behance%22%2C%22enable%22%3A%22%22%2C%22url%22%3A%22%22%2C%22background%22%3A%22%22%2C%22color%22%3A%22%22%7D"},{"data":"%7B%22icon%22%3A%22fa-behance-square%22%2C%22enable%22%3A%22%22%2C%22url%22%3A%22%22%2C%22background%22%3A%22%22%2C%22color%22%3A%22%22%7D"},{"data":"%7B%22icon%22%3A%22fa-bitbucket%22%2C%22enable%22%3A%22%22%2C%22url%22%3A%22%22%2C%22background%22%3A%22%22%2C%22color%22%3A%22%22%7D"},{"data":"%7B%22icon%22%3A%22fa-btc%22%2C%22enable%22%3A%22%22%2C%22url%22%3A%22%22%2C%22background%22%3A%22%22%2C%22color%22%3A%22%22%7D"},{"data":"%7B%22icon%22%3A%22fa-css3%22%2C%22enable%22%3A%22%22%2C%22url%22%3A%22%22%2C%22background%22%3A%22%22%2C%22color%22%3A%22%22%7D"},{"data":"%7B%22icon%22%3A%22fa-delicious%22%2C%22enable%22%3A%22%22%2C%22url%22%3A%22%22%2C%22background%22%3A%22%22%2C%22color%22%3A%22%22%7D"},{"data":"%7B%22icon%22%3A%22fa-deviantart%22%2C%22enable%22%3A%22%22%2C%22url%22%3A%22%22%2C%22background%22%3A%22%22%2C%22color%22%3A%22%22%7D"},{"data":"%7B%22icon%22%3A%22fa-dribbble%22%2C%22enable%22%3A%22%22%2C%22url%22%3A%22%22%2C%22background%22%3A%22%22%2C%22color%22%3A%22%22%7D"},{"data":"%7B%22icon%22%3A%22fa-dropbox%22%2C%22enable%22%3A%22%22%2C%22url%22%3A%22%22%2C%22background%22%3A%22%22%2C%22color%22%3A%22%22%7D"},{"data":"%7B%22icon%22%3A%22fa-drupal%22%2C%22enable%22%3A%22%22%2C%22url%22%3A%22%22%2C%22background%22%3A%22%22%2C%22color%22%3A%22%22%7D"},{"data":"%7B%22icon%22%3A%22fa-empire%22%2C%22enable%22%3A%22%22%2C%22url%22%3A%22%22%2C%22background%22%3A%22%22%2C%22color%22%3A%22%22%7D"},{"data":"%7B%22icon%22%3A%22fa-facebook%22%2C%22enable%22%3A%22%22%2C%22url%22%3A%22%22%2C%22background%22%3A%22%22%2C%22color%22%3A%22%22%7D"},{"data":"%7B%22icon%22%3A%22fa-foursquare%22%2C%22enable%22%3A%22%22%2C%22url%22%3A%22%22%2C%22background%22%3A%22%22%2C%22color%22%3A%22%22%7D"},{"data":"%7B%22icon%22%3A%22fa-git-square%22%2C%22enable%22%3A%22%22%2C%22url%22%3A%22%22%2C%22background%22%3A%22%22%2C%22color%22%3A%22%22%7D"},{"data":"%7B%22icon%22%3A%22fa-github%22%2C%22enable%22%3A%22%22%2C%22url%22%3A%22%22%2C%22background%22%3A%22%22%2C%22color%22%3A%22%22%7D"},{"data":"%7B%22icon%22%3A%22fa-github%22%2C%22enable%22%3A%22%22%2C%22url%22%3A%22%22%2C%22background%22%3A%22%22%2C%22color%22%3A%22%22%7D"},{"data":"%7B%22icon%22%3A%22fa-github-square%22%2C%22enable%22%3A%22%22%2C%22url%22%3A%22%22%2C%22background%22%3A%22%22%2C%22color%22%3A%22%22%7D"},{"data":"%7B%22icon%22%3A%22fa-gittip%22%2C%22enable%22%3A%22%22%2C%22url%22%3A%22%22%2C%22background%22%3A%22%22%2C%22color%22%3A%22%22%7D"},{"data":"%7B%22icon%22%3A%22fa-google%22%2C%22enable%22%3A%22%22%2C%22url%22%3A%22%22%2C%22background%22%3A%22%22%2C%22color%22%3A%22%22%7D"},{"data":"%7B%22icon%22%3A%22fa-google-plus%22%2C%22enable%22%3A%22%22%2C%22url%22%3A%22%22%2C%22background%22%3A%22%22%2C%22color%22%3A%22%22%7D"},{"data":"%7B%22icon%22%3A%22fa-google-plus-square%22%2C%22enable%22%3A%22%22%2C%22url%22%3A%22%22%2C%22background%22%3A%22%22%2C%22color%22%3A%22%22%7D"},{"data":"%7B%22icon%22%3A%22fa-hacker-news%22%2C%22enable%22%3A%22%22%2C%22url%22%3A%22%22%2C%22background%22%3A%22%22%2C%22color%22%3A%22%22%7D"},{"data":"%7B%22icon%22%3A%22fa-html5%22%2C%22enable%22%3A%22%22%2C%22url%22%3A%22%22%2C%22background%22%3A%22%22%2C%22color%22%3A%22%22%7D"},{"data":"%7B%22icon%22%3A%22fa-instagram%22%2C%22enable%22%3A%22%22%2C%22url%22%3A%22%22%2C%22background%22%3A%22%22%2C%22color%22%3A%22%22%7D"},{"data":"%7B%22icon%22%3A%22fa-joomla%22%2C%22enable%22%3A%22%22%2C%22url%22%3A%22%22%2C%22background%22%3A%22%22%2C%22color%22%3A%22%22%7D"},{"data":"%7B%22icon%22%3A%22fa-jsfiddle%22%2C%22enable%22%3A%22%22%2C%22url%22%3A%22%22%2C%22background%22%3A%22%22%2C%22color%22%3A%22%22%7D"},{"data":"%7B%22icon%22%3A%22fa-linkedin%22%2C%22enable%22%3A%22%22%2C%22url%22%3A%22%22%2C%22background%22%3A%22%22%2C%22color%22%3A%22%22%7D"},{"data":"%7B%22icon%22%3A%22fa-linkedin-square%22%2C%22enable%22%3A%22%22%2C%22url%22%3A%22%22%2C%22background%22%3A%22%22%2C%22color%22%3A%22%22%7D"},{"data":"%7B%22icon%22%3A%22fa-linux%22%2C%22enable%22%3A%22%22%2C%22url%22%3A%22%22%2C%22background%22%3A%22%22%2C%22color%22%3A%22%22%7D"},{"data":"%7B%22icon%22%3A%22fa-maxcdn%22%2C%22enable%22%3A%22%22%2C%22url%22%3A%22%22%2C%22background%22%3A%22%22%2C%22color%22%3A%22%22%7D"},{"data":"%7B%22icon%22%3A%22fa-openid%22%2C%22enable%22%3A%22%22%2C%22url%22%3A%22%22%2C%22background%22%3A%22%22%2C%22color%22%3A%22%22%7D"},{"data":"%7B%22icon%22%3A%22fa-pagelines%22%2C%22enable%22%3A%22%22%2C%22url%22%3A%22%22%2C%22background%22%3A%22%22%2C%22color%22%3A%22%22%7D"},{"data":"%7B%22icon%22%3A%22fa-pied-piper%22%2C%22enable%22%3A%22%22%2C%22url%22%3A%22%22%2C%22background%22%3A%22%22%2C%22color%22%3A%22%22%7D"},{"data":"%7B%22icon%22%3A%22fa-pinterest%22%2C%22enable%22%3A%22%22%2C%22url%22%3A%22%22%2C%22background%22%3A%22%22%2C%22color%22%3A%22%22%7D"},{"data":"%7B%22icon%22%3A%22fa-pinterest-square%22%2C%22enable%22%3A%22%22%2C%22url%22%3A%22%22%2C%22background%22%3A%22%22%2C%22color%22%3A%22%22%7D"},{"data":"%7B%22icon%22%3A%22fa-qq%22%2C%22enable%22%3A%22%22%2C%22url%22%3A%22%22%2C%22background%22%3A%22%22%2C%22color%22%3A%22%22%7D"},{"data":"%7B%22icon%22%3A%22fa-rebel%22%2C%22enable%22%3A%22%22%2C%22url%22%3A%22%22%2C%22background%22%3A%22%22%2C%22color%22%3A%22%22%7D"},{"data":"%7B%22icon%22%3A%22fa-reddit%22%2C%22enable%22%3A%22%22%2C%22url%22%3A%22%22%2C%22background%22%3A%22%22%2C%22color%22%3A%22%22%7D"},{"data":"%7B%22icon%22%3A%22fa-reddit-square%22%2C%22enable%22%3A%22%22%2C%22url%22%3A%22%22%2C%22background%22%3A%22%22%2C%22color%22%3A%22%22%7D"},{"data":"%7B%22icon%22%3A%22fa-renren%22%2C%22enable%22%3A%22%22%2C%22url%22%3A%22%22%2C%22background%22%3A%22%22%2C%22color%22%3A%22%22%7D"},{"data":"%7B%22icon%22%3A%22fa-share-alt%22%2C%22enable%22%3A%22%22%2C%22url%22%3A%22%22%2C%22background%22%3A%22%22%2C%22color%22%3A%22%22%7D"},{"data":"%7B%22icon%22%3A%22fa-share-alt-square%22%2C%22enable%22%3A%22%22%2C%22url%22%3A%22%22%2C%22background%22%3A%22%22%2C%22color%22%3A%22%22%7D"},{"data":"%7B%22icon%22%3A%22fa-skype%22%2C%22enable%22%3A%22%22%2C%22url%22%3A%22%22%2C%22background%22%3A%22%22%2C%22color%22%3A%22%22%7D"},{"data":"%7B%22icon%22%3A%22fa-slack%22%2C%22enable%22%3A%22%22%2C%22url%22%3A%22%22%2C%22background%22%3A%22%22%2C%22color%22%3A%22%22%7D"},{"data":"%7B%22icon%22%3A%22fa-soundcloud%22%2C%22enable%22%3A%22%22%2C%22url%22%3A%22%22%2C%22background%22%3A%22%22%2C%22color%22%3A%22%22%7D"},{"data":"%7B%22icon%22%3A%22fa-spotify%22%2C%22enable%22%3A%22%22%2C%22url%22%3A%22%22%2C%22background%22%3A%22%22%2C%22color%22%3A%22%22%7D"},{"data":"%7B%22icon%22%3A%22fa-stack-exchange%22%2C%22enable%22%3A%22%22%2C%22url%22%3A%22%22%2C%22background%22%3A%22%22%2C%22color%22%3A%22%22%7D"},{"data":"%7B%22icon%22%3A%22fa-stack-overflow%22%2C%22enable%22%3A%22%22%2C%22url%22%3A%22%22%2C%22background%22%3A%22%22%2C%22color%22%3A%22%22%7D"},{"data":"%7B%22icon%22%3A%22fa-steam%22%2C%22enable%22%3A%22%22%2C%22url%22%3A%22%22%2C%22background%22%3A%22%22%2C%22color%22%3A%22%22%7D"},{"data":"%7B%22icon%22%3A%22fa-steam-square%22%2C%22enable%22%3A%22%22%2C%22url%22%3A%22%22%2C%22background%22%3A%22%22%2C%22color%22%3A%22%22%7D"},{"data":"%7B%22icon%22%3A%22fa-stumbleupon%22%2C%22enable%22%3A%22%22%2C%22url%22%3A%22%22%2C%22background%22%3A%22%22%2C%22color%22%3A%22%22%7D"},{"data":"%7B%22icon%22%3A%22fa-stumbleupon-circle%22%2C%22enable%22%3A%22%22%2C%22url%22%3A%22%22%2C%22background%22%3A%22%22%2C%22color%22%3A%22%22%7D"},{"data":"%7B%22icon%22%3A%22fa-tencent-weibo%22%2C%22enable%22%3A%22%22%2C%22url%22%3A%22%22%2C%22background%22%3A%22%22%2C%22color%22%3A%22%22%7D"},{"data":"%7B%22icon%22%3A%22fa-trello%22%2C%22enable%22%3A%22%22%2C%22url%22%3A%22%22%2C%22background%22%3A%22%22%2C%22color%22%3A%22%22%7D"},{"data":"%7B%22icon%22%3A%22fa-tumblr%22%2C%22enable%22%3A%22%22%2C%22url%22%3A%22%22%2C%22background%22%3A%22%22%2C%22color%22%3A%22%22%7D"},{"data":"%7B%22icon%22%3A%22fa-tumblr-square%22%2C%22enable%22%3A%22%22%2C%22url%22%3A%22%22%2C%22background%22%3A%22%22%2C%22color%22%3A%22%22%7D"},{"data":"%7B%22icon%22%3A%22fa-twitter%22%2C%22enable%22%3A%22%22%2C%22url%22%3A%22%22%2C%22background%22%3A%22%22%2C%22color%22%3A%22%22%7D"},{"data":"%7B%22icon%22%3A%22fa-twitter-square%22%2C%22enable%22%3A%22%22%2C%22url%22%3A%22%22%2C%22background%22%3A%22%22%2C%22color%22%3A%22%22%7D"},{"data":"%7B%22icon%22%3A%22fa-vimeo-square%22%2C%22enable%22%3A%22%22%2C%22url%22%3A%22%22%2C%22background%22%3A%22%22%2C%22color%22%3A%22%22%7D"},{"data":"%7B%22icon%22%3A%22fa-vine%22%2C%22enable%22%3A%22%22%2C%22url%22%3A%22%22%2C%22background%22%3A%22%22%2C%22color%22%3A%22%22%7D"},{"data":"%7B%22icon%22%3A%22fa-vk%22%2C%22enable%22%3A%22%22%2C%22url%22%3A%22%22%2C%22background%22%3A%22%22%2C%22color%22%3A%22%22%7D"},{"data":"%7B%22icon%22%3A%22fa-weibo%22%2C%22enable%22%3A%22%22%2C%22url%22%3A%22%22%2C%22background%22%3A%22%22%2C%22color%22%3A%22%22%7D"},{"data":"%7B%22icon%22%3A%22fa-weixin%22%2C%22enable%22%3A%22%22%2C%22url%22%3A%22%22%2C%22background%22%3A%22%22%2C%22color%22%3A%22%22%7D"},{"data":"%7B%22icon%22%3A%22fa-windows%22%2C%22enable%22%3A%22%22%2C%22url%22%3A%22%22%2C%22background%22%3A%22%22%2C%22color%22%3A%22%22%7D"},{"data":"%7B%22icon%22%3A%22fa-wordpress%22%2C%22enable%22%3A%22%22%2C%22url%22%3A%22%22%2C%22background%22%3A%22%22%2C%22color%22%3A%22%22%7D"},{"data":"%7B%22icon%22%3A%22fa-xing%22%2C%22enable%22%3A%22%22%2C%22url%22%3A%22%22%2C%22background%22%3A%22%22%2C%22color%22%3A%22%22%7D"},{"data":"%7B%22icon%22%3A%22fa-xing-square%22%2C%22enable%22%3A%22%22%2C%22url%22%3A%22%22%2C%22background%22%3A%22%22%2C%22color%22%3A%22%22%7D"},{"data":"%7B%22icon%22%3A%22fa-yahoo%22%2C%22enable%22%3A%22%22%2C%22url%22%3A%22%22%2C%22background%22%3A%22%22%2C%22color%22%3A%22%22%7D"},{"data":"%7B%22icon%22%3A%22fa-yelp%22%2C%22enable%22%3A%22%22%2C%22url%22%3A%22%22%2C%22background%22%3A%22%22%2C%22color%22%3A%22%22%7D"},{"data":"%7B%22icon%22%3A%22fa-youtube%22%2C%22enable%22%3A%22%22%2C%22url%22%3A%22%22%2C%22background%22%3A%22%22%2C%22color%22%3A%22%22%7D"},{"data":"%7B%22icon%22%3A%22fa-youtube-play%22%2C%22enable%22%3A%22%22%2C%22url%22%3A%22%22%2C%22background%22%3A%22%22%2C%22color%22%3A%22%22%7D"},{"data":"%7B%22icon%22%3A%22fa-youtube-square%22%2C%22enable%22%3A%22%22%2C%22url%22%3A%22%22%2C%22background%22%3A%22%22%2C%22color%22%3A%22%22%7D"}],"blog_source_type":"d","blog_elementor_template":"","blog_post_comments":"0","blog_post_author":"0","blog_post_readmore":"0","blog_post_readmoretext":"Read More","single_source_type":"d","single_post_thumb":"0","single_post_author":"0","single_post_comments":"0","single_post_tag":"0","tag_source_type":"d","tag_elementor_template":"","tag_page_banner":"1","tag_banner_title":"","tag_page_background":{"url":"http:\/\/z.commonsupport.com\/xoven\/wp-content\/uploads\/2022\/02\/bg-17.jpeg","id":"1297","height":"710","width":"1920","thumbnail":"http:\/\/z.commonsupport.com\/xoven\/wp-content\/uploads\/2022\/02\/bg-17-150x150.jpeg"},"tag_sidebar_layout":"right","tag_page_sidebar":"","archive_source_type":"d","archive_elementor_template":"","archive_page_banner":"1","archive_banner_title":"","archive_page_background":{"url":"http:\/\/z.commonsupport.com\/xoven\/wp-content\/uploads\/2022\/02\/bg-17.jpeg","id":"1297","height":"710","width":"1920","thumbnail":"http:\/\/z.commonsupport.com\/xoven\/wp-content\/uploads\/2022\/02\/bg-17-150x150.jpeg"},"archive_sidebar_layout":"right","archive_page_sidebar":"","author_source_type":"d","author_elementor_template":"","author_page_banner":"1","author_banner_title":"","author_page_background":{"url":"http:\/\/z.commonsupport.com\/xoven\/wp-content\/uploads\/2021\/07\/blog-details-2-1.jpg","id":"602","height":"560","width":"770","thumbnail":"http:\/\/z.commonsupport.com\/xoven\/wp-content\/uploads\/2021\/07\/blog-details-2-1-150x150.jpg"},"author_sidebar_layout":"right","author_page_sidebar":"","category_source_type":"d","category_elementor_template":"","category_page_banner":"1","category_banner_title":"","category_page_background":{"url":"http:\/\/z.commonsupport.com\/xoven\/wp-content\/uploads\/2021\/07\/blog-details-2-1.jpg","id":"602","height":"560","width":"770","thumbnail":"http:\/\/z.commonsupport.com\/xoven\/wp-content\/uploads\/2021\/07\/blog-details-2-1-150x150.jpg"},"category_sidebar_layout":"right","category_page_sidebar":"","search_source_type":"d","search_elementor_template":"","search_page_banner":"1","search_banner_title":"","search_page_background":{"url":"http:\/\/z.commonsupport.com\/xoven\/wp-content\/uploads\/2021\/07\/blog-details-2-1.jpg","id":"602","height":"560","width":"770","thumbnail":"http:\/\/z.commonsupport.com\/xoven\/wp-content\/uploads\/2021\/07\/blog-details-2-1-150x150.jpg"},"search_page_title":"","search_page_text":"","404_source_type":"d","404_elementor_template":"","404_page_banner":"1","404_banner_title":"","404_page_background":{"url":"http:\/\/z.commonsupport.com\/xoven\/wp-content\/uploads\/2021\/07\/blog-details-2-1.jpg","id":"602","height":"560","width":"770","thumbnail":"http:\/\/z.commonsupport.com\/xoven\/wp-content\/uploads\/2021\/07\/blog-details-2-1-150x150.jpg"},"error_page_image":{"url":"","id":"","height":"","width":"","thumbnail":""},"404-page_title":"","404-page-text":"","back_home_btn":"0","back_home_btn_label":"Back To Home Page","shop_source_type":"d","shop_elementor_template":"","shop_page_banner":"1","shop_banner_title":"Xoven Shop","shop_page_background":{"url":"http:\/\/z.commonsupport.com\/xoven\/wp-content\/uploads\/2021\/07\/blog-details-2-1.jpg","id":"602","height":"560","width":"770","thumbnail":"http:\/\/z.commonsupport.com\/xoven\/wp-content\/uploads\/2021\/07\/blog-details-2-1-150x150.jpg"},"shop_sidebar_layout":"left","shop_page_sidebar":"blog-sidebar","shop_column":"6","shop_product":"9","product_source_type":"d","product_elementor_template":"","product_page_banner":"1","product_banner_title":"Xoven Product","product_page_background":{"url":"http:\/\/z.commonsupport.com\/xoven\/wp-content\/uploads\/2021\/07\/blog-details-2-1.jpg","id":"602","height":"560","width":"770","thumbnail":"http:\/\/z.commonsupport.com\/xoven\/wp-content\/uploads\/2021\/07\/blog-details-2-1-150x150.jpg"},"product_sidebar_layout":"full","product_page_sidebar":"blog-sidebar","optLanguage":"","custom_sidebar_name":[""],"theme_custom_font":"","use_custom_heading_style_h1":"","h1_typography":{"font-family":"","font-options":"","google":"1","font-backup":"","font-weight":"","font-style":"","subsets":"","text-align":"","font-size":"","line-height":"","color":""},"use_custom_heading_style_h2":"","h2_typography":{"font-family":"","font-options":"","google":"1","font-backup":"","font-weight":"","font-style":"","subsets":"","text-align":"","font-size":"","line-height":"","color":""},"use_custom_heading_style_h3":"","h3_typography":{"font-family":"","font-options":"","google":"1","font-backup":"","font-weight":"","font-style":"","subsets":"","text-align":"","font-size":"","line-height":"","color":""},"use_custom_heading_style_h4":"","h4_typography":{"font-family":"","font-options":"","google":"1","font-backup":"","font-weight":"","font-style":"","subsets":"","text-align":"","font-size":"","line-height":"","color":""},"use_custom_heading_style_h5":"","h5_typography":{"font-family":"","font-options":"","google":"1","font-backup":"","font-weight":"","font-style":"","subsets":"","text-align":"","font-size":"","line-height":"","color":""},"use_custom_heading_style_h6":"","h6_typography":{"font-family":"","font-options":"","google":"1","font-backup":"","font-weight":"","font-style":"","subsets":"","text-align":"","font-size":"","line-height":"","color":""},"body_custom_fonts":"","body_typography":{"font-family":"","font-options":"","google":"1","font-backup":"","font-weight":"","font-style":"","subsets":"","text-align":"","font-size":"","line-height":"","color":""},"redux-backup":"1"}