{"default-sidebar":{"block-10":{"content":"<!-- wp:search {\"label\":\"Search\",\"placeholder\":\"Search Your Keywords...\",\"buttonText\":\"Search\",\"buttonPosition\":\"button-inside\",\"buttonUseIcon\":true} \/-->"},"block-13":{"content":"<!-- wp:group {\"layout\":{\"type\":\"constrained\"}} -->\n<div class=\"wp-block-group\"><!-- wp:heading -->\n<h2>CATEGORIES<\/h2>\n<!-- \/wp:heading -->\n\n<!-- wp:categories \/--><\/div>\n<!-- \/wp:group -->"},"xoven_popular_post-2":{"title":"Popular Post","number":"3","cat":null},"block-15":{"content":"<!-- wp:group {\"layout\":{\"type\":\"constrained\"}} -->\n<div class=\"wp-block-group\"><!-- wp:heading -->\n<h2>Archive<\/h2>\n<!-- \/wp:heading -->\n\n<!-- wp:archives \/--><\/div>\n<!-- \/wp:group -->"},"block-14":{"content":"<!-- wp:group {\"layout\":{\"type\":\"constrained\"}} -->\n<div class=\"wp-block-group\"><!-- wp:heading -->\n<h2>Popular Tags<\/h2>\n<!-- \/wp:heading -->\n\n<!-- wp:tag-cloud \/--><\/div>\n<!-- \/wp:group -->"}}}