<wpml-config>
	<custom-types>
		 <custom-type translate="1">services</custom-type>
         <custom-type translate="1">team</custom-type>
		 <custom-type translate="1">gallery</custom-type>
		 <custom-type translate="1">course</custom-type>
	</custom-types>
	<taxonomies>
	 	<taxonomy translate="1">category</taxonomy>
		<taxonomy translate="1">post_tag</taxonomy>
		<taxonomy translate="1">nav_menu</taxonomy>
		<taxonomy translate="1">link_category</taxonomy>
		<taxonomy translate="1">post_format</taxonomy>
		<taxonomy translate="1">service_category</taxonomy>
		<taxonomy translate="1">team_category</taxonomy>
	</taxonomies>
    <language-switcher-settings>
        <key name="icl_lang_sel_config">
            <key name="font-current-normal">#444444</key>
            <key name="font-current-hover">#000000</key>
            <key name="background-current-normal">#ffffff</key>
            <key name="background-current-hover">#eeeeee</key>
            <key name="font-other-normal">#444444</key>
            <key name="font-other-hover">#000000</key>
            <key name="background-other-normal">#ffffff</key>
            <key name="background-other-hover">#eeeeee</key>
            <key name="border">#cdcdcd</key>
        </key>
        <key name="icl_lang_sel_footer_config">
            <key name="font-current-normal">#444444</key>
            <key name="font-current-hover">#000000</key>
            <key name="background-current-normal">#ffffff</key>
            <key name="background-current-hover">#eeeeee</key>
            <key name="font-other-normal">#444444</key>
            <key name="font-other-hover">#000000</key>
            <key name="background-other-normal">#ffffff</key>
            <key name="background-other-hover">#eeeeee</key>
            <key name="border">#cdcdcd</key>
        </key>                
        <key name="icl_language_switcher_sidebar">0</key>        
        <key name="icl_widget_title_show">0</key>
        <key name="icl_lang_sel_type">dropdown</key>
        <key name="icl_lso_link_empty">0</key>
        <key name="icl_lso_flags">0</key>
        <key name="icl_lso_native_lang">1</key>
        <key name="icl_lso_display_lang">1</key>
        <key name="icl_lang_sel_footer">0</key>
        <key name="icl_post_availability">0</key>
        <key name="icl_post_availability_position">below</key>
        <key name="icl_post_availability_text">This post is also available in: %s</key>                
    </language-switcher-settings>
	
</wpml-config>
